Attendees Decile (group),Attendees Progress,End Date,Geo Id,Geo Level Nm,Geo Nm,Geography,Load date,Prod Id,Prod Nm,Program Performance,Program Progress,Speaker ID,Start Date,Time Bucket,Attendees,Attendees Decile,Confirm,Geo Level Id,Invitee,Programs,SR No,Target Others,Target Prescribers,Target Programs,Cust Terr
Decile 1-2,Others,12/20/2021,U000101,NATION,US,MID-CENTRAL,9/18/2020,1001001,EXL,Rep Initiated,Completed,1002006,9/10/2020,LTD,0,0,0,2,0,0,112,40,60,110,COLUMBIA
Decile 9-10,Others,12/20/2021,U000101,NATION,US,US,9/19/2020,1001001,EXL,Rep Initiated,Completed,1002011,9/10/2020,LTD,0,10,1,2,2,1,108,40,60,110,US
Decile 1-2,Prescribers,12/20/2021,U000101,NATION,US,NORTHEAST,9/22/2020,1001001,EXL,Rep Initiated,Approved,1002004,9/10/2020,LTD,0,0,0,2,0,0,67,40,60,110,WHITE PLAINS / BRONX
Decile 5-6,Others,12/20/2021,U000101,NATION,US,SOUTH EAST,9/27/2020,1001001,EXL,Clinical Educator,Confirmed,1002001,9/10/2020,LTD,1,5,2,2,3,1,131,40,60,110,ORLANDO
Decile 1-2,Others,12/20/2021,U000101,NATION,US,UPPER NORTHWEST CENTRAL,9/27/2020,1001001,EXL,Rep Initiated,Confirmed,1002010,9/10/2020,LTD,0,0,0,2,0,0,145,40,60,110,PORTLAND
Decile 3-4,Others,12/20/2021,U000101,NATION,US,NORTHEAST,10/9/2020,1001001,EXL,Rep Initiated,Completed,1002006,9/10/2020,LTD,0,3,2,2,3,1,39,40,60,110,LONG ISLAND
Decile 1-2,Others,12/20/2021,U000101,NATION,US,MID-CENTRAL,10/11/2020,1001001,EXL,Rep Initiated,Approved,1002009,9/10/2020,LTD,0,0,0,2,0,0,14,40,60,110,RALEIGH DURHAM
Decile 1-2,Others,12/20/2021,U000101,NATION,US,SOUTHWEST,10/11/2020,1001001,EXL,Rep Initiated,Completed,1002007,9/10/2020,LTD,0,0,0,2,0,0,43,40,60,110,DALLAS
Decile 1-2,Others,12/20/2021,U000101,NATION,US,NORTHEAST,10/12/2020,1001001,EXL,Clinical Educator,Approved,1002001,9/10/2020,LTD,0,1,2,2,3,1,94,40,60,110,ROCHESTER
Decile 9-10,Prescribers,12/20/2021,U000101,NATION,US,WEST,10/15/2020,1001001,EXL,Rep Initiated,Approved,1002006,9/10/2020,LTD,0,9,2,2,3,1,37,40,60,110,SAN BERNADINO / LAS VEGAS
Decile 1-2,Others,12/20/2021,U000101,NATION,US,GREAT LAKES,10/17/2020,1001001,EXL,Rep Initiated,Confirmed,1002003,9/10/2020,LTD,0,0,0,2,0,0,15,40,60,110,CINCINNATI DAYTON
Decile 1-2,Others,12/20/2021,U000101,NATION,US,GREAT LAKES,10/22/2020,1001001,EXL,Rep Initiated,Confirmed,1002010,9/10/2020,LTD,0,0,0,2,0,0,76,40,60,110,CLEVELAND
Decile 1-2,Prescribers,12/20/2021,U000101,NATION,US,UPPER NORTHWEST CENTRAL,10/23/2020,1001001,EXL,Rep Initiated,Completed,1002007,9/10/2020,LTD,0,0,0,2,0,0,122,40,60,110,DENVER
Decile 1-2,Others,12/20/2021,U000101,NATION,US,MID-CENTRAL,10/27/2020,1001001,EXL,Rep Initiated,Confirmed,1002010,9/10/2020,LTD,0,0,0,2,0,0,5,40,60,110,MEMPHIS LITTLE ROCK
Decile 9-10,Others,12/20/2021,U000101,NATION,US,US,10/31/2020,1001001,EXL,Rep Initiated,Completed,1002009,9/10/2020,LTD,1,10,2,2,3,1,91,40,60,110,US
Decile 1-2,Prescribers,12/20/2021,U000101,NATION,US,GREAT LAKES,11/2/2020,1001001,EXL,Rep Initiated,Confirmed,1002012,9/10/2020,LTD,0,0,0,2,0,0,71,40,60,110,INDIANAPOLIS SOUTH
Decile 5-6,Others,12/20/2021,U000101,NATION,US,MID-CENTRAL,11/3/2020,1001001,EXL,Clinical Educator,Approved,1002001,9/10/2020,LTD,0,6,1,2,2,1,31,40,60,110,MEMPHIS LITTLE ROCK
Decile 1-2,Others,12/20/2021,U000101,NATION,US,SOUTHWEST,11/7/2020,1001001,EXL,Rep Initiated,Approved,1002002,9/10/2020,LTD,0,0,0,2,0,0,73,40,60,110,HOUSTON
Decile 1-2,Others,12/20/2021,U000101,NATION,US,NORTHEAST,11/9/2020,1001001,EXL,Rep Initiated,Confirmed,1002004,9/10/2020,LTD,1,1,1,2,3,1,79,40,60,110,HARTFORD
Decile 1-2,Prescribers,12/20/2021,U000101,NATION,US,NORTHEAST,11/12/2020,1001001,EXL,Rep Initiated,Completed,1002003,9/10/2020,LTD,0,0,0,2,0,0,2,40,60,110,WHITE PLAINS / BRONX
Decile 9-10,Prescribers,12/20/2021,U000101,NATION,US,NORTHEAST,11/13/2020,1001001,EXL,Rep Initiated,Approved,1002006,9/10/2020,LTD,0,9,1,2,2,1,75,40,60,110,WHITE PLAINS / BRONX
Decile 1-2,Prescribers,12/20/2021,U000101,NATION,US,MID-CENTRAL,11/14/2020,1001001,EXL,Rep Initiated,Approved,1002005,9/10/2020,LTD,0,0,0,2,0,0,30,40,60,110,RALEIGH DURHAM
Decile 1-2,Others,12/20/2021,U000101,NATION,US,GREAT LAKES,11/17/2020,1001001,EXL,Rep Initiated,Approved,1002006,9/10/2020,LTD,0,0,0,2,0,0,103,40,60,110,CINCINNATI DAYTON
Decile 7-8,Others,12/20/2021,U000101,NATION,US,MID-CENTRAL,11/17/2020,1001001,EXL,Rep Initiated,Completed,1002011,9/10/2020,LTD,0,8,2,2,2,1,106,40,60,110,MEMPHIS LITTLE ROCK
Decile 1-2,Others,12/20/2021,U000101,NATION,US,UPPER NORTHWEST CENTRAL,11/27/2020,1001001,EXL,Rep Initiated,Completed,1002001,9/10/2020,LTD,0,0,0,2,0,0,68,40,60,110,DENVER
Decile 1-2,Others,12/20/2021,U000101,NATION,US,WEST,11/27/2020,1001001,EXL,Rep Initiated,Completed,1002004,9/10/2020,LTD,0,0,0,2,0,0,60,40,60,110,SACRAMENTO
Decile 1-2,Others,12/20/2021,U000101,NATION,US,WEST,12/10/2020,1001001,EXL,Clinical Educator,Completed,1002006,9/10/2020,LTD,0,0,0,2,0,0,24,40,60,110,SAN BERNADINO / LAS VEGAS
Decile 1-2,Others,12/31/2020,U000101,NATION,US,WEST,12/10/2020,1001001,EXL,Clinical Educator,Completed,1002006,12/1/2020,M12,0,0,0,2,0,0,24,40,60,110,SAN DIEGO
Decile 1-2,Prescribers,12/20/2021,U000101,NATION,US,MID-CENTRAL,12/11/2020,1001001,EXL,Rep Initiated,Confirmed,1002003,9/10/2020,LTD,0,0,0,2,0,0,139,40,60,110,CHARLOTTE
Decile 1-2,Prescribers,12/31/2020,U000101,NATION,US,MID-CENTRAL,12/11/2020,1001001,EXL,Rep Initiated,Confirmed,1002003,12/1/2020,M12,0,0,0,2,0,0,139,40,60,110,LEXINGTON
Decile 9-10,Prescribers,12/20/2021,U000101,NATION,US,WEST,12/14/2020,1001001,EXL,Rep Initiated,Confirmed,1002008,9/10/2020,LTD,0,9,1,2,2,1,18,40,60,110,LOS ANGELES EAST
Decile 9-10,Prescribers,12/31/2020,U000101,NATION,US,WEST,12/14/2020,1001001,EXL,Rep Initiated,Confirmed,1002008,12/1/2020,M12,0,9,1,2,2,1,18,40,60,110,SAN BERNADINO / LAS VEGAS
Decile 7-8,Prescribers,12/20/2021,U000101,NATION,US,SOUTHWEST,12/22/2020,1001001,EXL,Rep Initiated,Confirmed,1002002,9/10/2020,LTD,1,7,1,2,3,1,40,40,60,110,SAN ANTONIO
Decile 7-8,Prescribers,12/31/2020,U000101,NATION,US,SOUTHWEST,12/22/2020,1001001,EXL,Rep Initiated,Confirmed,1002002,12/1/2020,M12,1,7,1,2,3,1,40,40,60,110,MOBILE PENSACOLA
Decile 9-10,Others,12/20/2021,U000101,NATION,US,SOUTH EAST,12/26/2020,1001001,EXL,Clinical Educator,Approved,1002004,9/10/2020,LTD,1,9,2,2,3,1,16,40,60,110,ATLANTA SOUTH
Decile 9-10,Others,12/31/2020,U000101,NATION,US,SOUTH EAST,12/26/2020,1001001,EXL,Clinical Educator,Approved,1002004,12/1/2020,M12,1,9,2,2,3,1,16,40,60,110,ATLANTA NORTH
Decile 1-2,Prescribers,12/20/2021,U000101,NATION,US,WEST,12/27/2020,1001001,EXL,Rep Initiated,Approved,1002001,9/10/2020,LTD,1,2,1,2,2,1,27,40,60,110,SAN  FRANCISCO WEST
Decile 1-2,Prescribers,12/31/2020,U000101,NATION,US,WEST,12/27/2020,1001001,EXL,Rep Initiated,Approved,1002001,12/1/2020,M12,1,2,1,2,2,1,27,40,60,110,LOS ANGELES EAST
Decile 1-2,Others,12/20/2021,U000101,NATION,US,MID-ATLANTIC,1/1/2021,1001001,EXL,Rep Initiated,Approved,1002001,9/10/2020,LTD,1,2,1,2,3,1,95,40,60,110,NORTH JERSEY
Decile 1-2,Others,12/20/2021,U000101,NATION,US,MID-ATLANTIC,1/1/2021,1001001,EXL,Rep Initiated,Approved,1002001,1/1/2021,YTD,1,2,1,2,3,1,95,40,60,110,WASHINGTON DC SOUTH
Decile 1-2,Others,1/31/2021,U000101,NATION,US,MID-ATLANTIC,1/1/2021,1001001,EXL,Rep Initiated,Approved,1002001,1/1/2021,M11,1,2,1,2,3,1,95,40,60,110,NORTH JERSEY
Decile 1-2,Others,12/20/2021,U000101,NATION,US,MID-CENTRAL,1/10/2021,1001001,EXL,Clinical Educator,Completed,1002002,9/10/2020,LTD,0,0,0,2,0,0,85,40,60,110,RALEIGH DURHAM
Decile 1-2,Others,12/20/2021,U000101,NATION,US,MID-CENTRAL,1/10/2021,1001001,EXL,Clinical Educator,Completed,1002002,1/1/2021,YTD,0,0,0,2,0,0,85,40,60,110,COLUMBIA
Decile 1-2,Others,1/31/2021,U000101,NATION,US,MID-CENTRAL,1/10/2021,1001001,EXL,Clinical Educator,Completed,1002002,1/1/2021,M11,0,0,0,2,0,0,85,40,60,110,COLUMBIA
Decile 5-6,Prescribers,12/20/2021,U000101,NATION,US,UPPER NORTHWEST CENTRAL,1/11/2021,1001001,EXL,Clinical Educator,Completed,1002011,9/10/2020,LTD,0,5,1,2,3,1,70,40,60,110,PORTLAND
Decile 5-6,Prescribers,12/20/2021,U000101,NATION,US,UPPER NORTHWEST CENTRAL,1/11/2021,1001001,EXL,Clinical Educator,Completed,1002011,1/1/2021,YTD,0,5,1,2,3,1,70,40,60,110,SEATTLE NORTH
Decile 5-6,Prescribers,1/31/2021,U000101,NATION,US,UPPER NORTHWEST CENTRAL,1/11/2021,1001001,EXL,Clinical Educator,Completed,1002011,1/1/2021,M11,0,5,1,2,3,1,70,40,60,110,SEATTLE SOUTH
Decile 1-2,Others,12/20/2021,U000101,NATION,US,US,1/14/2021,1001001,EXL,Clinical Educator,Approved,1002004,9/10/2020,LTD,0,0,0,2,0,0,81,40,60,110,US
Decile 1-2,Others,12/20/2021,U000101,NATION,US,US,1/14/2021,1001001,EXL,Clinical Educator,Approved,1002004,1/1/2021,YTD,0,0,0,2,0,0,81,40,60,110,US
Decile 1-2,Others,1/31/2021,U000101,NATION,US,US,1/14/2021,1001001,EXL,Clinical Educator,Approved,1002004,1/1/2021,M11,0,0,0,2,0,0,81,40,60,110,US
Decile 7-8,Prescribers,12/20/2021,U000101,NATION,US,SOUTH EAST,1/15/2021,1001001,EXL,Rep Initiated,Confirmed,1002012,9/10/2020,LTD,0,8,2,2,2,1,12,40,60,110,TAMPA
Decile 7-8,Prescribers,12/20/2021,U000101,NATION,US,SOUTH EAST,1/15/2021,1001001,EXL,Rep Initiated,Confirmed,1002012,1/1/2021,YTD,0,8,2,2,2,1,12,40,60,110,TAMPA
Decile 7-8,Prescribers,1/31/2021,U000101,NATION,US,SOUTH EAST,1/15/2021,1001001,EXL,Rep Initiated,Confirmed,1002012,1/1/2021,M11,0,8,2,2,2,1,12,40,60,110,TAMPA
Decile 7-8,Others,12/20/2021,U000101,NATION,US,MID-CENTRAL,1/20/2021,1001001,EXL,Clinical Educator,Approved,1002005,9/10/2020,LTD,1,8,1,2,2,1,17,40,60,110,MEMPHIS LITTLE ROCK
Decile 7-8,Others,12/20/2021,U000101,NATION,US,MID-CENTRAL,1/20/2021,1001001,EXL,Clinical Educator,Approved,1002005,1/1/2021,YTD,1,8,1,2,2,1,17,40,60,110,NASHVILLE KNOXVILLE
Decile 7-8,Others,1/31/2021,U000101,NATION,US,MID-CENTRAL,1/20/2021,1001001,EXL,Clinical Educator,Approved,1002005,1/1/2021,M11,1,8,1,2,2,1,17,40,60,110,RALEIGH DURHAM
Decile 1-2,Others,12/20/2021,U000101,NATION,US,SOUTH EAST,1/21/2021,1001001,EXL,Rep Initiated,Confirmed,1002006,9/10/2020,LTD,0,0,0,2,0,0,21,40,60,110,MIAMI
Decile 1-2,Others,12/20/2021,U000101,NATION,US,SOUTH EAST,1/21/2021,1001001,EXL,Rep Initiated,Confirmed,1002006,1/1/2021,YTD,0,0,0,2,0,0,21,40,60,110,ORLANDO
Decile 1-2,Others,1/31/2021,U000101,NATION,US,SOUTH EAST,1/21/2021,1001001,EXL,Rep Initiated,Confirmed,1002006,1/1/2021,M11,0,0,0,2,0,0,21,40,60,110,ATLANTA SOUTH
Decile 1-2,Prescribers,12/20/2021,U000101,NATION,US,GREAT LAKES,1/27/2021,1001001,EXL,Rep Initiated,Confirmed,1002009,9/10/2020,LTD,0,0,0,2,0,0,42,40,60,110,COLUMBUS
Decile 1-2,Prescribers,12/20/2021,U000101,NATION,US,GREAT LAKES,1/27/2021,1001001,EXL,Rep Initiated,Confirmed,1002009,1/1/2021,YTD,0,0,0,2,0,0,42,40,60,110,CINCINNATI DAYTON
Decile 1-2,Prescribers,1/31/2021,U000101,NATION,US,GREAT LAKES,1/27/2021,1001001,EXL,Rep Initiated,Confirmed,1002009,1/1/2021,M11,0,0,0,2,0,0,42,40,60,110,DETROIT NORTH
Decile 7-8,Others,12/20/2021,U000101,NATION,US,GREAT LAKES,1/31/2021,1001001,EXL,Clinical Educator,Completed,1002009,9/10/2020,LTD,0,8,1,2,3,1,125,40,60,110,DETROIT SOUTH
Decile 7-8,Prescribers,12/20/2021,U000101,NATION,US,MID-ATLANTIC,1/31/2021,1001001,EXL,Rep Initiated,Confirmed,1002006,9/10/2020,LTD,0,7,2,2,2,1,119,40,60,110,BALTIMORE
Decile 7-8,Others,12/20/2021,U000101,NATION,US,GREAT LAKES,1/31/2021,1001001,EXL,Clinical Educator,Completed,1002009,1/1/2021,YTD,0,8,1,2,3,1,125,40,60,110,GRAND RAPIDS
Decile 7-8,Prescribers,12/20/2021,U000101,NATION,US,MID-ATLANTIC,1/31/2021,1001001,EXL,Rep Initiated,Confirmed,1002006,1/1/2021,YTD,0,7,2,2,2,1,119,40,60,110,RICHMOND
Decile 1-2,Prescribers,12/20/2021,U000101,NATION,US,GREAT LAKES,2/4/2021,1001001,EXL,Clinical Educator,Completed,1002002,9/10/2020,LTD,0,0,0,2,0,0,147,40,60,110,INDIANAPOLIS NORTH
Decile 5-6,Others,12/20/2021,U000101,NATION,US,MID-CENTRAL,2/4/2021,1001001,EXL,Rep Initiated,Completed,1002003,9/10/2020,LTD,1,5,2,2,2,1,123,40,60,110,LOUISVILLE
Decile 1-2,Prescribers,12/20/2021,U000101,NATION,US,GREAT LAKES,2/4/2021,1001001,EXL,Clinical Educator,Completed,1002002,1/1/2021,YTD,0,0,0,2,0,0,147,40,60,110,DETROIT SOUTH
Decile 5-6,Others,12/20/2021,U000101,NATION,US,MID-CENTRAL,2/4/2021,1001001,EXL,Rep Initiated,Completed,1002003,1/1/2021,YTD,1,5,2,2,2,1,123,40,60,110,NASHVILLE KNOXVILLE
Decile 1-2,Prescribers,2/28/2021,U000101,NATION,US,GREAT LAKES,2/4/2021,1001001,EXL,Clinical Educator,Completed,1002002,2/1/2021,M10,0,0,0,2,0,0,147,40,60,110,GRAND RAPIDS
Decile 5-6,Others,2/28/2021,U000101,NATION,US,MID-CENTRAL,2/4/2021,1001001,EXL,Rep Initiated,Completed,1002003,2/1/2021,M10,1,5,2,2,2,1,123,40,60,110,LOUISVILLE
Decile 9-10,Others,12/20/2021,U000101,NATION,US,UPPER NORTHWEST CENTRAL,2/5/2021,1001001,EXL,Rep Initiated,Completed,1002002,9/10/2020,LTD,1,9,2,2,3,1,36,40,60,110,DENVER
Decile 9-10,Others,12/20/2021,U000101,NATION,US,UPPER NORTHWEST CENTRAL,2/5/2021,1001001,EXL,Rep Initiated,Completed,1002002,1/1/2021,YTD,1,9,2,2,3,1,36,40,60,110,SEATTLE NORTH
Decile 9-10,Others,2/28/2021,U000101,NATION,US,UPPER NORTHWEST CENTRAL,2/5/2021,1001001,EXL,Rep Initiated,Completed,1002002,2/1/2021,M10,1,9,2,2,3,1,36,40,60,110,DENVER
Decile 1-2,Others,12/20/2021,U000101,NATION,US,WEST,2/12/2021,1001001,EXL,Clinical Educator,Completed,1002003,9/10/2020,LTD,0,0,0,2,0,0,62,40,60,110,PHOENIX
Decile 1-2,Others,12/20/2021,U000101,NATION,US,WEST,2/12/2021,1001001,EXL,Clinical Educator,Completed,1002003,1/1/2021,YTD,0,0,0,2,0,0,62,40,60,110,SAN FRANCISCO EAST
Decile 1-2,Others,2/28/2021,U000101,NATION,US,WEST,2/12/2021,1001001,EXL,Clinical Educator,Completed,1002003,2/1/2021,M10,0,0,0,2,0,0,62,40,60,110,SAN  FRANCISCO WEST
Decile 1-2,Others,12/20/2021,U000101,NATION,US,US,2/14/2021,1001001,EXL,Rep Initiated,Approved,1002011,9/10/2020,LTD,0,0,0,2,0,0,3,40,60,110,US
Decile 1-2,Others,12/20/2021,U000101,NATION,US,US,2/14/2021,1001001,EXL,Rep Initiated,Approved,1002011,1/1/2021,YTD,0,0,0,2,0,0,3,40,60,110,US
Decile 1-2,Others,2/28/2021,U000101,NATION,US,US,2/14/2021,1001001,EXL,Rep Initiated,Approved,1002011,2/1/2021,M10,0,0,0,2,0,0,3,40,60,110,US
Decile 3-4,Others,12/20/2021,U000101,NATION,US,MIDWEST,2/16/2021,1001001,EXL,Rep Initiated,Completed,1002005,9/10/2020,LTD,1,4,1,2,3,1,134,40,60,110,CEDAR RAPIDS / DES MOINES
Decile 3-4,Others,12/20/2021,U000101,NATION,US,MIDWEST,2/16/2021,1001001,EXL,Rep Initiated,Completed,1002005,1/1/2021,YTD,1,4,1,2,3,1,134,40,60,110,CHICAGO NORTH
Decile 3-4,Others,2/28/2021,U000101,NATION,US,MIDWEST,2/16/2021,1001001,EXL,Rep Initiated,Completed,1002005,2/1/2021,M10,1,4,1,2,3,1,134,40,60,110,MILWAUKEE
Decile 1-2,Others,12/20/2021,U000101,NATION,US,UPPER NORTHWEST CENTRAL,2/18/2021,1001001,EXL,Rep Initiated,Confirmed,1002004,9/10/2020,LTD,0,2,1,2,2,1,110,40,60,110,SEATTLE SOUTH
Decile 1-2,Others,12/20/2021,U000101,NATION,US,UPPER NORTHWEST CENTRAL,2/18/2021,1001001,EXL,Rep Initiated,Confirmed,1002004,1/1/2021,YTD,0,2,1,2,2,1,110,40,60,110,KANSAS CITY
Decile 1-2,Others,2/28/2021,U000101,NATION,US,UPPER NORTHWEST CENTRAL,2/18/2021,1001001,EXL,Rep Initiated,Confirmed,1002004,2/1/2021,M10,0,2,1,2,2,1,110,40,60,110,SEATTLE NORTH
Decile 5-6,Others,12/20/2021,U000101,NATION,US,GREAT LAKES,2/20/2021,1001001,EXL,Clinical Educator,Approved,1002003,9/10/2020,LTD,0,6,2,2,3,1,124,40,60,110,DETROIT NORTH
Decile 5-6,Others,12/20/2021,U000101,NATION,US,GREAT LAKES,2/20/2021,1001001,EXL,Clinical Educator,Approved,1002003,1/1/2021,YTD,0,6,2,2,3,1,124,40,60,110,CLEVELAND
Decile 5-6,Others,2/28/2021,U000101,NATION,US,GREAT LAKES,2/20/2021,1001001,EXL,Clinical Educator,Approved,1002003,2/1/2021,M10,0,6,2,2,3,1,124,40,60,110,INDIANAPOLIS SOUTH
Decile 1-2,Others,12/20/2021,U000101,NATION,US,SOUTHWEST,3/2/2021,1001001,EXL,Rep Initiated,Completed,1002008,9/10/2020,LTD,0,0,0,2,0,0,89,40,60,110,OKLAHOMA CITY
Decile 1-2,Others,12/20/2021,U000101,NATION,US,SOUTHWEST,3/2/2021,1001001,EXL,Rep Initiated,Completed,1002008,1/1/2021,YTD,0,0,0,2,0,0,89,40,60,110,AUSTIN
Decile 1-2,Others,3/31/2021,U000101,NATION,US,SOUTHWEST,3/2/2021,1001001,EXL,Rep Initiated,Completed,1002008,3/1/2021,M9,0,0,0,2,0,0,89,40,60,110,SAN ANTONIO
Decile 3-4,Others,12/20/2021,U000101,NATION,US,GREAT LAKES,3/4/2021,1001001,EXL,Clinical Educator,Completed,1002010,9/10/2020,LTD,0,3,2,2,3,1,82,40,60,110,PITTSBURGH
Decile 3-4,Others,12/20/2021,U000101,NATION,US,GREAT LAKES,3/4/2021,1001001,EXL,Clinical Educator,Completed,1002010,1/1/2021,YTD,0,3,2,2,3,1,82,40,60,110,PITTSBURGH
Decile 3-4,Others,3/31/2021,U000101,NATION,US,GREAT LAKES,3/4/2021,1001001,EXL,Clinical Educator,Completed,1002010,3/1/2021,M9,0,3,2,2,3,1,82,40,60,110,DETROIT SOUTH
Decile 1-2,Others,12/20/2021,U000101,NATION,US,NORTHEAST,3/5/2021,1001001,EXL,Clinical Educator,Completed,1002001,9/10/2020,LTD,0,0,0,2,0,0,121,40,60,110,MANHATTAN
Decile 1-2,Others,12/20/2021,U000101,NATION,US,NORTHEAST,3/5/2021,1001001,EXL,Clinical Educator,Completed,1002001,1/1/2021,YTD,0,0,0,2,0,0,121,40,60,110,BOSTON SOUTH
Decile 1-2,Others,3/31/2021,U000101,NATION,US,NORTHEAST,3/5/2021,1001001,EXL,Clinical Educator,Completed,1002001,3/1/2021,M9,0,0,0,2,0,0,121,40,60,110,BOSTON SOUTH
Decile 1-2,Others,12/20/2021,U000101,NATION,US,GREAT LAKES,3/12/2021,1001001,EXL,Clinical Educator,Completed,1002012,9/10/2020,LTD,0,0,0,2,0,0,10,40,60,110,INDIANAPOLIS NORTH
Decile 3-4,Others,12/20/2021,U000101,NATION,US,WEST,3/12/2021,1001001,EXL,Clinical Educator,Confirmed,1002004,9/10/2020,LTD,1,3,1,2,3,1,65,40,60,110,SAN BERNADINO / LAS VEGAS
Decile 1-2,Others,12/20/2021,U000101,NATION,US,GREAT LAKES,3/12/2021,1001001,EXL,Clinical Educator,Completed,1002012,1/1/2021,YTD,0,0,0,2,0,0,10,40,60,110,CINCINNATI DAYTON
Decile 3-4,Others,12/20/2021,U000101,NATION,US,WEST,3/12/2021,1001001,EXL,Clinical Educator,Confirmed,1002004,1/1/2021,YTD,1,3,1,2,3,1,65,40,60,110,SACRAMENTO
Decile 1-2,Others,3/31/2021,U000101,NATION,US,GREAT LAKES,3/12/2021,1001001,EXL,Clinical Educator,Completed,1002012,3/1/2021,M9,0,0,0,2,0,0,10,40,60,110,INDIANAPOLIS SOUTH
Decile 3-4,Others,3/31/2021,U000101,NATION,US,WEST,3/12/2021,1001001,EXL,Clinical Educator,Confirmed,1002004,3/1/2021,M9,1,3,1,2,3,1,65,40,60,110,LOS ANGELES NORTH
Decile 5-6,Others,12/20/2021,U000101,NATION,US,NORTHEAST,3/13/2021,1001001,EXL,Clinical Educator,Completed,1002009,9/10/2020,LTD,1,5,1,2,2,1,102,40,60,110,MANHATTAN
Decile 5-6,Others,12/20/2021,U000101,NATION,US,NORTHEAST,3/13/2021,1001001,EXL,Clinical Educator,Completed,1002009,1/1/2021,YTD,1,5,1,2,2,1,102,40,60,110,MANHATTAN
Decile 5-6,Others,3/31/2021,U000101,NATION,US,NORTHEAST,3/13/2021,1001001,EXL,Clinical Educator,Completed,1002009,3/1/2021,M9,1,5,1,2,2,1,102,40,60,110,BOSTON NORTH
Decile 1-2,Others,12/20/2021,U000101,NATION,US,UPPER NORTHWEST CENTRAL,3/14/2021,1001001,EXL,Clinical Educator,Approved,1002005,9/10/2020,LTD,0,0,0,2,0,0,19,40,60,110,PORTLAND
Decile 1-2,Others,12/20/2021,U000101,NATION,US,UPPER NORTHWEST CENTRAL,3/14/2021,1001001,EXL,Clinical Educator,Approved,1002005,1/1/2021,YTD,0,0,0,2,0,0,19,40,60,110,DENVER
Decile 1-2,Others,3/31/2021,U000101,NATION,US,UPPER NORTHWEST CENTRAL,3/14/2021,1001001,EXL,Clinical Educator,Approved,1002005,3/1/2021,M9,0,0,0,2,0,0,19,40,60,110,SALT LAKE CITY
Decile 1-2,Others,12/20/2021,U000101,NATION,US,US,3/16/2021,1001001,EXL,Rep Initiated,Approved,1002006,9/10/2020,LTD,0,0,0,2,0,0,25,40,60,110,US
Decile 1-2,Others,12/20/2021,U000101,NATION,US,US,3/16/2021,1001001,EXL,Rep Initiated,Approved,1002006,1/1/2021,YTD,0,0,0,2,0,0,25,40,60,110,US
Decile 1-2,Others,3/31/2021,U000101,NATION,US,US,3/16/2021,1001001,EXL,Rep Initiated,Approved,1002006,3/1/2021,M9,0,0,0,2,0,0,25,40,60,110,US
Decile 3-4,Others,12/20/2021,U000101,NATION,US,WEST,3/19/2021,1001001,EXL,Rep Initiated,Completed,1002001,9/10/2020,LTD,1,3,2,2,3,1,77,40,60,110,LOS ANGELES NORTH
Decile 3-4,Others,12/20/2021,U000101,NATION,US,WEST,3/19/2021,1001001,EXL,Rep Initiated,Completed,1002001,1/1/2021,YTD,1,3,2,2,3,1,77,40,60,110,PHOENIX
Decile 3-4,Others,3/31/2021,U000101,NATION,US,WEST,3/19/2021,1001001,EXL,Rep Initiated,Completed,1002001,3/1/2021,M9,1,3,2,2,3,1,77,40,60,110,SACRAMENTO
Decile 7-8,Prescribers,12/20/2021,U000101,NATION,US,SOUTHWEST,3/22/2021,1001001,EXL,Clinical Educator,Confirmed,1002002,9/10/2020,LTD,0,7,1,2,2,1,56,40,60,110,AUSTIN
Decile 7-8,Prescribers,12/20/2021,U000101,NATION,US,SOUTHWEST,3/22/2021,1001001,EXL,Clinical Educator,Confirmed,1002002,1/1/2021,YTD,0,7,1,2,2,1,56,40,60,110,OKLAHOMA CITY
Decile 7-8,Prescribers,3/31/2021,U000101,NATION,US,SOUTHWEST,3/22/2021,1001001,EXL,Clinical Educator,Confirmed,1002002,3/1/2021,M9,0,7,1,2,2,1,56,40,60,110,MOBILE PENSACOLA
Decile 5-6,Others,12/20/2021,U000101,NATION,US,WEST,3/23/2021,1001001,EXL,Rep Initiated,Approved,1002009,9/10/2020,LTD,1,5,1,2,2,1,133,40,60,110,SAN DIEGO
Decile 5-6,Others,12/20/2021,U000101,NATION,US,WEST,3/23/2021,1001001,EXL,Rep Initiated,Approved,1002009,1/1/2021,YTD,1,5,1,2,2,1,133,40,60,110,LOS ANGELES EAST
Decile 5-6,Others,3/31/2021,U000101,NATION,US,WEST,3/23/2021,1001001,EXL,Rep Initiated,Approved,1002009,3/1/2021,M9,1,5,1,2,2,1,133,40,60,110,LOS ANGELES EAST
Decile 1-2,Others,12/20/2021,U000101,NATION,US,MID-ATLANTIC,3/27/2021,1001001,EXL,Rep Initiated,Completed,1002005,9/10/2020,LTD,0,0,0,2,0,0,116,40,60,110,WASHINGTON DC NORTH
Decile 1-2,Others,12/20/2021,U000101,NATION,US,MID-ATLANTIC,3/27/2021,1001001,EXL,Rep Initiated,Completed,1002005,1/1/2021,YTD,0,0,0,2,0,0,116,40,60,110,WASHINGTON DC NORTH
Decile 1-2,Others,3/31/2021,U000101,NATION,US,MID-ATLANTIC,3/27/2021,1001001,EXL,Rep Initiated,Completed,1002005,3/1/2021,M9,0,0,0,2,0,0,116,40,60,110,BALTIMORE
Decile 9-10,Prescribers,12/20/2021,U000101,NATION,US,MID-CENTRAL,3/29/2021,1001001,EXL,Clinical Educator,Approved,1002010,9/10/2020,LTD,1,10,2,2,2,1,137,40,60,110,CHARLOTTE
Decile 9-10,Prescribers,12/20/2021,U000101,NATION,US,MID-CENTRAL,3/29/2021,1001001,EXL,Clinical Educator,Approved,1002010,1/1/2021,YTD,1,10,2,2,2,1,137,40,60,110,COLUMBIA
Decile 9-10,Prescribers,3/31/2021,U000101,NATION,US,MID-CENTRAL,3/29/2021,1001001,EXL,Clinical Educator,Approved,1002010,3/1/2021,M9,1,10,2,2,2,1,137,40,60,110,COLUMBIA
Decile 1-2,Prescribers,12/20/2021,U000101,NATION,US,SOUTH EAST,3/30/2021,1001001,EXL,Rep Initiated,Completed,1002007,9/10/2020,LTD,0,0,0,2,0,0,8,40,60,110,ORLANDO
Decile 1-2,Prescribers,12/20/2021,U000101,NATION,US,SOUTH EAST,3/30/2021,1001001,EXL,Rep Initiated,Completed,1002007,1/1/2021,YTD,0,0,0,2,0,0,8,40,60,110,BIRMINGHAM
Decile 1-2,Prescribers,3/31/2021,U000101,NATION,US,SOUTH EAST,3/30/2021,1001001,EXL,Rep Initiated,Completed,1002007,3/1/2021,M9,0,0,0,2,0,0,8,40,60,110,JACKSONVILLE
Decile 1-2,Prescribers,12/20/2021,U000101,NATION,US,US,4/4/2021,1001001,EXL,Clinical Educator,Approved,1002003,9/10/2020,LTD,0,0,0,2,0,0,20,40,60,110,US
Decile 1-2,Prescribers,12/20/2021,U000101,NATION,US,US,4/4/2021,1001001,EXL,Clinical Educator,Approved,1002003,1/1/2021,YTD,0,0,0,2,0,0,20,40,60,110,US
Decile 1-2,Prescribers,4/30/2021,U000101,NATION,US,US,4/4/2021,1001001,EXL,Clinical Educator,Approved,1002003,4/1/2021,M8,0,0,0,2,0,0,20,40,60,110,US
Decile 5-6,Prescribers,12/20/2021,U000101,NATION,US,SOUTH EAST,4/6/2021,1001001,EXL,Rep Initiated,Approved,1002008,9/10/2020,LTD,1,5,1,2,2,1,143,40,60,110,TAMPA
Decile 5-6,Prescribers,12/20/2021,U000101,NATION,US,SOUTH EAST,4/6/2021,1001001,EXL,Rep Initiated,Approved,1002008,1/1/2021,YTD,1,5,1,2,2,1,143,40,60,110,TAMPA
Decile 5-6,Prescribers,4/30/2021,U000101,NATION,US,SOUTH EAST,4/6/2021,1001001,EXL,Rep Initiated,Approved,1002008,4/1/2021,M8,1,5,1,2,2,1,143,40,60,110,TAMPA
Decile 9-10,Others,12/20/2021,U000101,NATION,US,MID-ATLANTIC,4/14/2021,1001001,EXL,Clinical Educator,Completed,1002001,9/10/2020,LTD,1,9,1,2,3,1,13,40,60,110,ALLENTOWN
Decile 9-10,Others,12/20/2021,U000101,NATION,US,MID-ATLANTIC,4/14/2021,1001001,EXL,Clinical Educator,Completed,1002001,1/1/2021,YTD,1,9,1,2,3,1,13,40,60,110,ALLENTOWN
Decile 9-10,Others,4/30/2021,U000101,NATION,US,MID-ATLANTIC,4/14/2021,1001001,EXL,Clinical Educator,Completed,1002001,4/1/2021,M8,1,9,1,2,3,1,13,40,60,110,RICHMOND
Decile 7-8,Prescribers,12/20/2021,U000101,NATION,US,MID-ATLANTIC,4/16/2021,1001001,EXL,Rep Initiated,Confirmed,1002007,9/10/2020,LTD,1,8,2,2,3,1,49,40,60,110,WASHINGTON DC NORTH
Decile 9-10,Prescribers,12/20/2021,U000101,NATION,US,WEST,4/16/2021,1001001,EXL,Rep Initiated,Completed,1002004,9/10/2020,LTD,1,10,1,2,3,1,54,40,60,110,SACRAMENTO
Decile 7-8,Prescribers,12/20/2021,U000101,NATION,US,MID-ATLANTIC,4/16/2021,1001001,EXL,Rep Initiated,Confirmed,1002007,1/1/2021,YTD,1,8,2,2,3,1,49,40,60,110,BALTIMORE
Decile 9-10,Prescribers,12/20/2021,U000101,NATION,US,WEST,4/16/2021,1001001,EXL,Rep Initiated,Completed,1002004,1/1/2021,YTD,1,10,1,2,3,1,54,40,60,110,SAN FRANCISCO EAST
Decile 7-8,Prescribers,4/30/2021,U000101,NATION,US,MID-ATLANTIC,4/16/2021,1001001,EXL,Rep Initiated,Confirmed,1002007,4/1/2021,M8,1,8,2,2,3,1,49,40,60,110,PHILADELPHIA NORTH
Decile 9-10,Prescribers,4/30/2021,U000101,NATION,US,WEST,4/16/2021,1001001,EXL,Rep Initiated,Completed,1002004,4/1/2021,M8,1,10,1,2,3,1,54,40,60,110,SAN  FRANCISCO WEST
Decile 7-8,Others,12/20/2021,U000101,NATION,US,MIDWEST,4/17/2021,1001001,EXL,Clinical Educator,Completed,1002008,9/10/2020,LTD,0,8,2,2,3,1,111,40,60,110,MINNEAPOLIS SOUTH
Decile 7-8,Others,12/20/2021,U000101,NATION,US,MIDWEST,4/17/2021,1001001,EXL,Clinical Educator,Completed,1002008,1/1/2021,YTD,0,8,2,2,3,1,111,40,60,110,MINNEAPOLIS NORTH
Decile 7-8,Others,4/30/2021,U000101,NATION,US,MIDWEST,4/17/2021,1001001,EXL,Clinical Educator,Completed,1002008,4/1/2021,M8,0,8,2,2,3,1,111,40,60,110,MINNEAPOLIS SOUTH
Decile 1-2,Prescribers,12/20/2021,U000101,NATION,US,NORTHEAST,5/6/2021,1001001,EXL,Clinical Educator,Confirmed,1002001,9/10/2020,LTD,0,0,0,2,0,0,109,40,60,110,HARTFORD
Decile 1-2,Prescribers,12/20/2021,U000101,NATION,US,NORTHEAST,5/6/2021,1001001,EXL,Clinical Educator,Confirmed,1002001,1/1/2021,YTD,0,0,0,2,0,0,109,40,60,110,HARTFORD
Decile 1-2,Prescribers,5/31/2021,U000101,NATION,US,NORTHEAST,5/6/2021,1001001,EXL,Clinical Educator,Confirmed,1002001,5/1/2021,M7,0,0,0,2,0,0,109,40,60,110,LONG ISLAND
Decile 1-2,Others,12/20/2021,U000101,NATION,US,MID-ATLANTIC,5/7/2021,1001001,EXL,Rep Initiated,Confirmed,1002006,9/10/2020,LTD,0,0,0,2,0,0,126,40,60,110,RICHMOND
Decile 1-2,Others,12/20/2021,U000101,NATION,US,MID-ATLANTIC,5/7/2021,1001001,EXL,Rep Initiated,Confirmed,1002006,1/1/2021,YTD,0,0,0,2,0,0,126,40,60,110,CENTRAL SOUTH JERSEY
Decile 1-2,Others,5/31/2021,U000101,NATION,US,MID-ATLANTIC,5/7/2021,1001001,EXL,Rep Initiated,Confirmed,1002006,5/1/2021,M7,0,0,0,2,0,0,126,40,60,110,PHILADELPHIA NORTH
Decile 1-2,Prescribers,12/20/2021,U000101,NATION,US,MID-ATLANTIC,5/10/2021,1001001,EXL,Clinical Educator,Confirmed,1002005,9/10/2020,LTD,0,0,0,2,0,0,29,40,60,110,NORTH JERSEY
Decile 1-2,Prescribers,12/20/2021,U000101,NATION,US,MID-ATLANTIC,5/10/2021,1001001,EXL,Clinical Educator,Confirmed,1002005,1/1/2021,YTD,0,0,0,2,0,0,29,40,60,110,BALTIMORE
Decile 1-2,Prescribers,5/31/2021,U000101,NATION,US,MID-ATLANTIC,5/10/2021,1001001,EXL,Clinical Educator,Confirmed,1002005,5/1/2021,M7,0,0,0,2,0,0,29,40,60,110,PHILADELPHIA SOUTH
Decile 5-6,Prescribers,12/20/2021,U000101,NATION,US,GREAT LAKES,5/11/2021,1001001,EXL,Rep Initiated,Approved,1002007,9/10/2020,LTD,1,5,2,2,2,1,9,40,60,110,CLEVELAND
Decile 1-2,Others,12/20/2021,U000101,NATION,US,NORTHEAST,5/11/2021,1001001,EXL,Rep Initiated,Confirmed,1002010,9/10/2020,LTD,0,0,0,2,0,0,59,40,60,110,ROCHESTER
Decile 5-6,Prescribers,12/20/2021,U000101,NATION,US,GREAT LAKES,5/11/2021,1001001,EXL,Rep Initiated,Approved,1002007,1/1/2021,YTD,1,5,2,2,2,1,9,40,60,110,CINCINNATI DAYTON
Decile 1-2,Others,12/20/2021,U000101,NATION,US,NORTHEAST,5/11/2021,1001001,EXL,Rep Initiated,Confirmed,1002010,1/1/2021,YTD,0,0,0,2,0,0,59,40,60,110,ROCHESTER
Decile 5-6,Prescribers,5/31/2021,U000101,NATION,US,GREAT LAKES,5/11/2021,1001001,EXL,Rep Initiated,Approved,1002007,5/1/2021,M7,1,5,2,2,2,1,9,40,60,110,CINCINNATI DAYTON
Decile 1-2,Others,5/31/2021,U000101,NATION,US,NORTHEAST,5/11/2021,1001001,EXL,Rep Initiated,Confirmed,1002010,5/1/2021,M7,0,0,0,2,0,0,59,40,60,110,ALBANY
Decile 3-4,Others,12/20/2021,U000101,NATION,US,MID-CENTRAL,5/12/2021,1001001,EXL,Rep Initiated,Approved,1002005,9/10/2020,LTD,1,3,2,2,3,1,47,40,60,110,RALEIGH DURHAM
Decile 3-4,Others,12/20/2021,U000101,NATION,US,MID-CENTRAL,5/12/2021,1001001,EXL,Rep Initiated,Approved,1002005,1/1/2021,YTD,1,3,2,2,3,1,47,40,60,110,NASHVILLE KNOXVILLE
Decile 3-4,Others,5/31/2021,U000101,NATION,US,MID-CENTRAL,5/12/2021,1001001,EXL,Rep Initiated,Approved,1002005,5/1/2021,M7,1,3,2,2,3,1,47,40,60,110,LEXINGTON
Decile 1-2,Others,12/20/2021,U000101,NATION,US,GREAT LAKES,5/15/2021,1001001,EXL,Clinical Educator,Confirmed,1002005,9/10/2020,LTD,0,0,0,2,0,0,55,40,60,110,CINCINNATI DAYTON
Decile 1-2,Others,12/20/2021,U000101,NATION,US,GREAT LAKES,5/15/2021,1001001,EXL,Clinical Educator,Confirmed,1002005,1/1/2021,YTD,0,0,0,2,0,0,55,40,60,110,DETROIT NORTH
Decile 1-2,Others,5/31/2021,U000101,NATION,US,GREAT LAKES,5/15/2021,1001001,EXL,Clinical Educator,Confirmed,1002005,5/1/2021,M7,0,0,0,2,0,0,55,40,60,110,INDIANAPOLIS SOUTH
Decile 1-2,Others,12/20/2021,U000101,NATION,US,GREAT LAKES,5/19/2021,1001001,EXL,Clinical Educator,Completed,1002012,9/10/2020,LTD,0,0,0,2,0,0,28,40,60,110,PITTSBURGH
Decile 1-2,Others,12/20/2021,U000101,NATION,US,GREAT LAKES,5/19/2021,1001001,EXL,Clinical Educator,Completed,1002012,1/1/2021,YTD,0,0,0,2,0,0,28,40,60,110,INDIANAPOLIS SOUTH
Decile 1-2,Others,5/31/2021,U000101,NATION,US,GREAT LAKES,5/19/2021,1001001,EXL,Clinical Educator,Completed,1002012,5/1/2021,M7,0,0,0,2,0,0,28,40,60,110,DETROIT NORTH
Decile 1-2,Others,12/20/2021,U000101,NATION,US,US,5/21/2021,1001001,EXL,Rep Initiated,Approved,1002007,9/10/2020,LTD,0,0,0,2,0,0,127,40,60,110,US
Decile 1-2,Others,12/20/2021,U000101,NATION,US,US,5/21/2021,1001001,EXL,Rep Initiated,Approved,1002007,1/1/2021,YTD,0,0,0,2,0,0,127,40,60,110,US
Decile 1-2,Others,5/31/2021,U000101,NATION,US,US,5/21/2021,1001001,EXL,Rep Initiated,Approved,1002007,5/1/2021,M7,0,0,0,2,0,0,127,40,60,110,US
Decile 5-6,Others,12/20/2021,U000101,NATION,US,MID-CENTRAL,5/31/2021,1001001,EXL,Rep Initiated,Completed,1002009,9/10/2020,LTD,0,6,1,2,2,1,46,40,60,110,RALEIGH DURHAM
Decile 5-6,Others,12/20/2021,U000101,NATION,US,MID-CENTRAL,5/31/2021,1001001,EXL,Rep Initiated,Completed,1002009,1/1/2021,YTD,0,6,1,2,2,1,46,40,60,110,NASHVILLE KNOXVILLE
Decile 5-6,Others,12/20/2021,U000101,NATION,US,UPPER NORTHWEST CENTRAL,6/5/2021,1001001,EXL,Rep Initiated,Completed,1002001,9/10/2020,LTD,1,5,1,2,2,1,44,40,60,110,PORTLAND
Decile 5-6,Others,12/20/2021,U000101,NATION,US,UPPER NORTHWEST CENTRAL,6/5/2021,1001001,EXL,Rep Initiated,Completed,1002001,1/1/2021,YTD,1,5,1,2,2,1,44,40,60,110,DENVER
Decile 5-6,Others,6/30/2021,U000101,NATION,US,UPPER NORTHWEST CENTRAL,6/5/2021,1001001,EXL,Rep Initiated,Completed,1002001,6/1/2021,M6,1,5,1,2,2,1,44,40,60,110,SEATTLE SOUTH
Decile 1-2,Others,12/20/2021,U000101,NATION,US,US,6/13/2021,1001001,EXL,Clinical Educator,Completed,1002012,9/10/2020,LTD,0,0,0,2,0,0,99,40,60,110,US
Decile 1-2,Others,12/20/2021,U000101,NATION,US,US,6/13/2021,1001001,EXL,Clinical Educator,Completed,1002012,1/1/2021,YTD,0,0,0,2,0,0,99,40,60,110,US
Decile 1-2,Others,6/30/2021,U000101,NATION,US,US,6/13/2021,1001001,EXL,Clinical Educator,Completed,1002012,6/1/2021,M6,0,0,0,2,0,0,99,40,60,110,US
Decile 1-2,Prescribers,12/20/2021,U000101,NATION,US,MIDWEST,6/14/2021,1001001,EXL,Rep Initiated,Completed,1002009,9/10/2020,LTD,0,0,0,2,0,0,63,40,60,110,CHICAGO NORTH
Decile 1-2,Prescribers,12/20/2021,U000101,NATION,US,MIDWEST,6/14/2021,1001001,EXL,Rep Initiated,Completed,1002009,1/1/2021,YTD,0,0,0,2,0,0,63,40,60,110,CHICAGO NORTH
Decile 1-2,Prescribers,6/30/2021,U000101,NATION,US,MIDWEST,6/14/2021,1001001,EXL,Rep Initiated,Completed,1002009,6/1/2021,M6,0,0,0,2,0,0,63,40,60,110,SPRINGFIELD / SAINT LOUIS WEST
Decile 1-2,Others,12/20/2021,U000101,NATION,US,MID-CENTRAL,6/18/2021,1001001,EXL,Rep Initiated,Completed,1002005,9/10/2020,LTD,0,0,0,2,0,0,101,40,60,110,LOUISVILLE
Decile 9-10,Others,12/20/2021,U000101,NATION,US,US,6/18/2021,1001001,EXL,Rep Initiated,Confirmed,1002009,9/10/2020,LTD,1,10,1,2,2,1,141,40,60,110,US
Decile 1-2,Others,12/20/2021,U000101,NATION,US,MID-CENTRAL,6/18/2021,1001001,EXL,Rep Initiated,Completed,1002005,1/1/2021,YTD,0,0,0,2,0,0,101,40,60,110,MEMPHIS LITTLE ROCK
Decile 9-10,Others,12/20/2021,U000101,NATION,US,US,6/18/2021,1001001,EXL,Rep Initiated,Confirmed,1002009,1/1/2021,YTD,1,10,1,2,2,1,141,40,60,110,US
Decile 1-2,Others,6/30/2021,U000101,NATION,US,MID-CENTRAL,6/18/2021,1001001,EXL,Rep Initiated,Completed,1002005,6/1/2021,M6,0,0,0,2,0,0,101,40,60,110,MEMPHIS LITTLE ROCK
Decile 9-10,Others,6/30/2021,U000101,NATION,US,US,6/18/2021,1001001,EXL,Rep Initiated,Confirmed,1002009,6/1/2021,M6,1,10,1,2,2,1,141,40,60,110,US
Decile 1-2,Others,12/20/2021,U000101,NATION,US,MID-ATLANTIC,6/23/2021,1001001,EXL,Rep Initiated,Confirmed,1002011,9/10/2020,LTD,0,0,0,2,0,0,72,40,60,110,WASHINGTON DC NORTH
Decile 1-2,Others,12/20/2021,U000101,NATION,US,MID-ATLANTIC,6/23/2021,1001001,EXL,Rep Initiated,Confirmed,1002011,1/1/2021,YTD,0,0,0,2,0,0,72,40,60,110,WASHINGTON DC NORTH
Decile 1-2,Others,6/30/2021,U000101,NATION,US,MID-ATLANTIC,6/23/2021,1001001,EXL,Rep Initiated,Confirmed,1002011,6/1/2021,M6,0,0,0,2,0,0,72,40,60,110,RICHMOND
Decile 9-10,Others,12/20/2021,U000101,NATION,US,WEST,6/27/2021,1001001,EXL,Rep Initiated,Completed,1002004,9/10/2020,LTD,1,10,2,2,3,1,148,40,60,110,LOS ANGELES EAST
Decile 9-10,Others,12/20/2021,U000101,NATION,US,WEST,6/27/2021,1001001,EXL,Rep Initiated,Completed,1002004,1/1/2021,YTD,1,10,2,2,3,1,148,40,60,110,SACRAMENTO
Decile 9-10,Others,6/30/2021,U000101,NATION,US,WEST,6/27/2021,1001001,EXL,Rep Initiated,Completed,1002004,6/1/2021,M6,1,10,2,2,3,1,148,40,60,110,SAN  FRANCISCO WEST
Decile 9-10,Others,12/20/2021,U000101,NATION,US,SOUTHWEST,6/28/2021,1001001,EXL,Rep Initiated,Approved,1002010,9/10/2020,LTD,1,10,1,2,2,1,129,40,60,110,SAN ANTONIO
Decile 9-10,Others,12/20/2021,U000101,NATION,US,SOUTHWEST,6/28/2021,1001001,EXL,Rep Initiated,Approved,1002010,1/1/2021,YTD,1,10,1,2,2,1,129,40,60,110,NEW ORLEANS
Decile 9-10,Others,6/30/2021,U000101,NATION,US,SOUTHWEST,6/28/2021,1001001,EXL,Rep Initiated,Approved,1002010,6/1/2021,M6,1,10,1,2,2,1,129,40,60,110,DALLAS
Decile 3-4,Others,12/20/2021,U000101,NATION,US,NORTHEAST,7/3/2021,1001001,EXL,Rep Initiated,Approved,1002012,9/10/2020,LTD,1,3,1,2,2,1,98,40,60,110,MANHATTAN
Decile 3-4,Others,12/20/2021,U000101,NATION,US,NORTHEAST,7/3/2021,1001001,EXL,Rep Initiated,Approved,1002012,1/1/2021,YTD,1,3,1,2,2,1,98,40,60,110,LONG ISLAND
Decile 3-4,Others,7/31/2021,U000101,NATION,US,NORTHEAST,7/3/2021,1001001,EXL,Rep Initiated,Approved,1002012,7/1/2021,M5,1,3,1,2,2,1,98,40,60,110,ROCHESTER
Decile 9-10,Others,12/20/2021,U000101,NATION,US,MID-CENTRAL,7/4/2021,1001001,EXL,Rep Initiated,Completed,1002008,9/10/2020,LTD,1,9,1,2,3,1,74,40,60,110,NASHVILLE KNOXVILLE
Decile 9-10,Others,12/20/2021,U000101,NATION,US,MID-CENTRAL,7/4/2021,1001001,EXL,Rep Initiated,Completed,1002008,1/1/2021,YTD,1,9,1,2,3,1,74,40,60,110,MEMPHIS LITTLE ROCK
Decile 9-10,Others,7/31/2021,U000101,NATION,US,MID-CENTRAL,7/4/2021,1001001,EXL,Rep Initiated,Completed,1002008,7/1/2021,M5,1,9,1,2,3,1,74,40,60,110,RALEIGH DURHAM
Decile 1-2,Prescribers,12/20/2021,U000101,NATION,US,NORTHEAST,7/5/2021,1001001,EXL,Rep Initiated,Approved,1002005,9/10/2020,LTD,0,0,0,2,0,0,78,40,60,110,ROCHESTER
Decile 1-2,Others,12/20/2021,U000101,NATION,US,UPPER NORTHWEST CENTRAL,7/5/2021,1001001,EXL,Rep Initiated,Completed,1002009,9/10/2020,LTD,0,0,0,2,0,0,90,40,60,110,SEATTLE SOUTH
Decile 1-2,Prescribers,12/20/2021,U000101,NATION,US,NORTHEAST,7/5/2021,1001001,EXL,Rep Initiated,Approved,1002005,1/1/2021,YTD,0,0,0,2,0,0,78,40,60,110,ROCHESTER
Decile 1-2,Others,12/20/2021,U000101,NATION,US,UPPER NORTHWEST CENTRAL,7/5/2021,1001001,EXL,Rep Initiated,Completed,1002009,1/1/2021,YTD,0,0,0,2,0,0,90,40,60,110,DENVER
Decile 1-2,Prescribers,7/31/2021,U000101,NATION,US,NORTHEAST,7/5/2021,1001001,EXL,Rep Initiated,Approved,1002005,7/1/2021,M5,0,0,0,2,0,0,78,40,60,110,ROCHESTER
Decile 1-2,Others,7/31/2021,U000101,NATION,US,UPPER NORTHWEST CENTRAL,7/5/2021,1001001,EXL,Rep Initiated,Completed,1002009,7/1/2021,M5,0,0,0,2,0,0,90,40,60,110,KANSAS CITY
Decile 7-8,Prescribers,12/20/2021,U000101,NATION,US,NORTHEAST,7/7/2021,1001001,EXL,Rep Initiated,Approved,1002010,9/10/2020,LTD,1,7,1,2,2,1,107,40,60,110,BOSTON SOUTH
Decile 7-8,Prescribers,12/20/2021,U000101,NATION,US,NORTHEAST,7/7/2021,1001001,EXL,Rep Initiated,Approved,1002010,1/1/2021,YTD,1,7,1,2,2,1,107,40,60,110,BOSTON SOUTH
Decile 7-8,Prescribers,7/31/2021,U000101,NATION,US,NORTHEAST,7/7/2021,1001001,EXL,Rep Initiated,Approved,1002010,7/1/2021,M5,1,7,1,2,2,1,107,40,60,110,BROOKLYN
Decile 1-2,Others,12/20/2021,U000101,NATION,US,WEST,7/9/2021,1001001,EXL,Rep Initiated,Confirmed,1002001,9/10/2020,LTD,0,0,0,2,0,0,146,40,60,110,SAN  FRANCISCO WEST
Decile 1-2,Others,12/20/2021,U000101,NATION,US,WEST,7/9/2021,1001001,EXL,Rep Initiated,Confirmed,1002001,1/1/2021,YTD,0,0,0,2,0,0,146,40,60,110,LOS ANGELES NORTH
Decile 1-2,Others,7/31/2021,U000101,NATION,US,WEST,7/9/2021,1001001,EXL,Rep Initiated,Confirmed,1002001,7/1/2021,M5,0,0,0,2,0,0,146,40,60,110,LOS ANGELES NORTH
Decile 1-2,Others,12/20/2021,U000101,NATION,US,SOUTHWEST,7/12/2021,1001001,EXL,Rep Initiated,Approved,1002007,9/10/2020,LTD,0,0,0,2,0,0,97,40,60,110,DALLAS
Decile 1-2,Others,12/20/2021,U000101,NATION,US,SOUTHWEST,7/12/2021,1001001,EXL,Rep Initiated,Approved,1002007,1/1/2021,YTD,0,0,0,2,0,0,97,40,60,110,NEW ORLEANS
Decile 1-2,Others,7/31/2021,U000101,NATION,US,SOUTHWEST,7/12/2021,1001001,EXL,Rep Initiated,Approved,1002007,7/1/2021,M5,0,0,0,2,0,0,97,40,60,110,NEW ORLEANS
Decile 1-2,Prescribers,12/20/2021,U000101,NATION,US,SOUTH EAST,7/17/2021,1001001,EXL,Rep Initiated,Confirmed,1002010,9/10/2020,LTD,0,0,0,2,0,0,84,40,60,110,ORLANDO
Decile 1-2,Prescribers,12/20/2021,U000101,NATION,US,SOUTH EAST,7/17/2021,1001001,EXL,Rep Initiated,Confirmed,1002010,1/1/2021,YTD,0,0,0,2,0,0,84,40,60,110,ATLANTA NORTH
Decile 1-2,Prescribers,7/31/2021,U000101,NATION,US,SOUTH EAST,7/17/2021,1001001,EXL,Rep Initiated,Confirmed,1002010,7/1/2021,M5,0,0,0,2,0,0,84,40,60,110,BIRMINGHAM
Decile 1-2,Others,12/20/2021,U000101,NATION,US,MID-ATLANTIC,7/18/2021,1001001,EXL,Clinical Educator,Completed,1002005,9/10/2020,LTD,0,0,0,2,0,0,83,40,60,110,PHILADELPHIA SOUTH
Decile 1-2,Others,12/20/2021,U000101,NATION,US,MID-CENTRAL,7/18/2021,1001001,EXL,Rep Initiated,Completed,1002007,9/10/2020,LTD,0,0,0,2,0,0,96,40,60,110,CHARLOTTE
Decile 1-2,Others,12/20/2021,U000101,NATION,US,MID-ATLANTIC,7/18/2021,1001001,EXL,Clinical Educator,Completed,1002005,1/1/2021,YTD,0,0,0,2,0,0,83,40,60,110,RICHMOND
Decile 1-2,Others,12/20/2021,U000101,NATION,US,MID-CENTRAL,7/18/2021,1001001,EXL,Rep Initiated,Completed,1002007,1/1/2021,YTD,0,0,0,2,0,0,96,40,60,110,MEMPHIS LITTLE ROCK
Decile 1-2,Others,7/31/2021,U000101,NATION,US,MID-ATLANTIC,7/18/2021,1001001,EXL,Clinical Educator,Completed,1002005,7/1/2021,M5,0,0,0,2,0,0,83,40,60,110,WASHINGTON DC SOUTH
Decile 1-2,Others,7/31/2021,U000101,NATION,US,MID-CENTRAL,7/18/2021,1001001,EXL,Rep Initiated,Completed,1002007,7/1/2021,M5,0,0,0,2,0,0,96,40,60,110,LEXINGTON
Decile 1-2,Others,12/20/2021,U000101,NATION,US,WEST,7/19/2021,1001001,EXL,Clinical Educator,Confirmed,1002002,9/10/2020,LTD,0,0,0,2,0,0,132,40,60,110,LOS ANGELES EAST
Decile 1-2,Others,12/20/2021,U000101,NATION,US,WEST,7/19/2021,1001001,EXL,Clinical Educator,Confirmed,1002002,1/1/2021,YTD,0,0,0,2,0,0,132,40,60,110,LOS ANGELES NORTH
Decile 1-2,Others,7/31/2021,U000101,NATION,US,WEST,7/19/2021,1001001,EXL,Clinical Educator,Confirmed,1002002,7/1/2021,M5,0,0,0,2,0,0,132,40,60,110,LOS ANGELES EAST
Decile 1-2,Prescribers,12/20/2021,U000101,NATION,US,WEST,7/20/2021,1001001,EXL,Rep Initiated,Confirmed,1002012,9/10/2020,LTD,0,1,1,2,2,1,41,40,60,110,SAN FRANCISCO EAST
Decile 1-2,Prescribers,12/20/2021,U000101,NATION,US,WEST,7/20/2021,1001001,EXL,Rep Initiated,Confirmed,1002012,1/1/2021,YTD,0,1,1,2,2,1,41,40,60,110,PHOENIX
Decile 1-2,Prescribers,7/31/2021,U000101,NATION,US,WEST,7/20/2021,1001001,EXL,Rep Initiated,Confirmed,1002012,7/1/2021,M5,0,1,1,2,2,1,41,40,60,110,SACRAMENTO
Decile 1-2,Others,12/20/2021,U000101,NATION,US,SOUTHWEST,7/23/2021,1001001,EXL,Clinical Educator,Confirmed,1002007,9/10/2020,LTD,0,0,0,2,0,0,128,40,60,110,AUSTIN
Decile 1-2,Others,12/20/2021,U000101,NATION,US,SOUTHWEST,7/23/2021,1001001,EXL,Clinical Educator,Confirmed,1002007,1/1/2021,YTD,0,0,0,2,0,0,128,40,60,110,MOBILE PENSACOLA
Decile 1-2,Others,7/31/2021,U000101,NATION,US,SOUTHWEST,7/23/2021,1001001,EXL,Clinical Educator,Confirmed,1002007,7/1/2021,M5,0,0,0,2,0,0,128,40,60,110,HOUSTON
Decile 1-2,Others,12/20/2021,U000101,NATION,US,MID-ATLANTIC,7/24/2021,1001001,EXL,Rep Initiated,Approved,1002009,9/10/2020,LTD,0,0,0,2,0,0,32,40,60,110,WASHINGTON DC SOUTH
Decile 1-2,Prescribers,12/20/2021,U000101,NATION,US,MIDWEST,7/24/2021,1001001,EXL,Clinical Educator,Completed,1002008,9/10/2020,LTD,0,0,0,2,0,0,117,40,60,110,MINNEAPOLIS SOUTH
Decile 7-8,Others,12/20/2021,U000101,NATION,US,NORTHEAST,7/24/2021,1001001,EXL,Rep Initiated,Completed,1002004,9/10/2020,LTD,0,7,2,2,3,1,120,40,60,110,BOSTON NORTH
Decile 1-2,Others,12/20/2021,U000101,NATION,US,MID-ATLANTIC,7/24/2021,1001001,EXL,Rep Initiated,Approved,1002009,1/1/2021,YTD,0,0,0,2,0,0,32,40,60,110,WASHINGTON DC SOUTH
Decile 1-2,Prescribers,12/20/2021,U000101,NATION,US,MIDWEST,7/24/2021,1001001,EXL,Clinical Educator,Completed,1002008,1/1/2021,YTD,0,0,0,2,0,0,117,40,60,110,CEDAR RAPIDS / DES MOINES
Decile 7-8,Others,12/20/2021,U000101,NATION,US,NORTHEAST,7/24/2021,1001001,EXL,Rep Initiated,Completed,1002004,1/1/2021,YTD,0,7,2,2,3,1,120,40,60,110,MANHATTAN
Decile 1-2,Others,7/31/2021,U000101,NATION,US,MID-ATLANTIC,7/24/2021,1001001,EXL,Rep Initiated,Approved,1002009,7/1/2021,M5,0,0,0,2,0,0,32,40,60,110,ALLENTOWN
Decile 1-2,Prescribers,7/31/2021,U000101,NATION,US,MIDWEST,7/24/2021,1001001,EXL,Clinical Educator,Completed,1002008,7/1/2021,M5,0,0,0,2,0,0,117,40,60,110,MILWAUKEE
Decile 7-8,Others,7/31/2021,U000101,NATION,US,NORTHEAST,7/24/2021,1001001,EXL,Rep Initiated,Completed,1002004,7/1/2021,M5,0,7,2,2,3,1,120,40,60,110,BOSTON NORTH
Decile 5-6,Others,12/20/2021,U000101,NATION,US,GREAT LAKES,7/29/2021,1001001,EXL,Rep Initiated,Approved,1002002,9/10/2020,LTD,1,6,1,2,2,1,140,40,60,110,CINCINNATI DAYTON
Decile 5-6,Others,12/20/2021,U000101,NATION,US,GREAT LAKES,7/29/2021,1001001,EXL,Rep Initiated,Approved,1002002,1/1/2021,YTD,1,6,1,2,2,1,140,40,60,110,INDIANAPOLIS NORTH
Decile 5-6,Others,7/31/2021,U000101,NATION,US,GREAT LAKES,7/29/2021,1001001,EXL,Rep Initiated,Approved,1002002,7/1/2021,M5,1,6,1,2,2,1,140,40,60,110,CLEVELAND
Decile 1-2,Others,12/20/2021,U000101,NATION,US,WEST,8/4/2021,1001001,EXL,Rep Initiated,Confirmed,1002001,9/10/2020,LTD,0,2,1,2,2,1,105,40,60,110,SACRAMENTO
Decile 1-2,Others,12/20/2021,U000101,NATION,US,WEST,8/4/2021,1001001,EXL,Rep Initiated,Confirmed,1002001,1/1/2021,YTD,0,2,1,2,2,1,105,40,60,110,LOS ANGELES EAST
Decile 1-2,Others,8/31/2021,U000101,NATION,US,WEST,8/4/2021,1001001,EXL,Rep Initiated,Confirmed,1002001,8/1/2021,M4,0,2,1,2,2,1,105,40,60,110,PHOENIX
Decile 1-2,Others,12/20/2021,U000101,NATION,US,MID-ATLANTIC,8/7/2021,1001001,EXL,Rep Initiated,Completed,1002007,9/10/2020,LTD,0,0,0,2,0,0,64,40,60,110,WASHINGTON DC NORTH
Decile 1-2,Others,12/20/2021,U000101,NATION,US,MID-ATLANTIC,8/7/2021,1001001,EXL,Rep Initiated,Completed,1002007,1/1/2021,YTD,0,0,0,2,0,0,64,40,60,110,WASHINGTON DC NORTH
Decile 1-2,Others,8/31/2021,U000101,NATION,US,MID-ATLANTIC,8/7/2021,1001001,EXL,Rep Initiated,Completed,1002007,8/1/2021,M4,0,0,0,2,0,0,64,40,60,110,WASHINGTON DC SOUTH
Decile 1-2,Others,12/20/2021,U000101,NATION,US,MID-ATLANTIC,8/10/2021,1001001,EXL,Clinical Educator,Approved,1002010,9/10/2020,LTD,0,0,0,2,0,0,48,40,60,110,BALTIMORE
Decile 3-4,Others,12/20/2021,U000101,NATION,US,MID-ATLANTIC,8/10/2021,1001001,EXL,Rep Initiated,Approved,1002001,9/10/2020,LTD,0,4,2,2,2,1,114,40,60,110,PHILADELPHIA NORTH
Decile 1-2,Others,12/20/2021,U000101,NATION,US,MID-ATLANTIC,8/10/2021,1001001,EXL,Clinical Educator,Approved,1002010,1/1/2021,YTD,0,0,0,2,0,0,48,40,60,110,NORTH JERSEY
Decile 3-4,Others,12/20/2021,U000101,NATION,US,MID-ATLANTIC,8/10/2021,1001001,EXL,Rep Initiated,Approved,1002001,1/1/2021,YTD,0,4,2,2,2,1,114,40,60,110,NORTH JERSEY
Decile 1-2,Others,8/31/2021,U000101,NATION,US,MID-ATLANTIC,8/10/2021,1001001,EXL,Clinical Educator,Approved,1002010,8/1/2021,M4,0,0,0,2,0,0,48,40,60,110,ALLENTOWN
Decile 3-4,Others,8/31/2021,U000101,NATION,US,MID-ATLANTIC,8/10/2021,1001001,EXL,Rep Initiated,Approved,1002001,8/1/2021,M4,0,4,2,2,2,1,114,40,60,110,CENTRAL SOUTH JERSEY
Decile 1-2,Others,12/20/2021,U000101,NATION,US,MID-CENTRAL,8/17/2021,1001001,EXL,Clinical Educator,Completed,1002002,9/10/2020,LTD,0,0,0,2,0,0,92,40,60,110,LOUISVILLE
Decile 1-2,Others,12/20/2021,U000101,NATION,US,MID-CENTRAL,8/17/2021,1001001,EXL,Clinical Educator,Completed,1002002,1/1/2021,YTD,0,0,0,2,0,0,92,40,60,110,LOUISVILLE
Decile 1-2,Others,8/31/2021,U000101,NATION,US,MID-CENTRAL,8/17/2021,1001001,EXL,Clinical Educator,Completed,1002002,8/1/2021,M4,0,0,0,2,0,0,92,40,60,110,MEMPHIS LITTLE ROCK
Decile 1-2,Others,12/20/2021,U000101,NATION,US,MID-ATLANTIC,8/20/2021,1001001,EXL,Clinical Educator,Completed,1002012,9/10/2020,LTD,0,0,0,2,0,0,87,40,60,110,PHILADELPHIA NORTH
Decile 7-8,Others,12/20/2021,U000101,NATION,US,NORTHEAST,8/20/2021,1001001,EXL,Rep Initiated,Approved,1002007,9/10/2020,LTD,0,7,2,2,2,1,26,40,60,110,ROCHESTER
Decile 9-10,Others,12/20/2021,U000101,NATION,US,UPPER NORTHWEST CENTRAL,8/20/2021,1001001,EXL,Rep Initiated,Confirmed,1002004,9/10/2020,LTD,1,10,2,2,3,1,35,40,60,110,SEATTLE SOUTH
Decile 1-2,Others,12/20/2021,U000101,NATION,US,MID-ATLANTIC,8/20/2021,1001001,EXL,Clinical Educator,Completed,1002012,1/1/2021,YTD,0,0,0,2,0,0,87,40,60,110,CENTRAL SOUTH JERSEY
Decile 7-8,Others,12/20/2021,U000101,NATION,US,NORTHEAST,8/20/2021,1001001,EXL,Rep Initiated,Approved,1002007,1/1/2021,YTD,0,7,2,2,2,1,26,40,60,110,BOSTON NORTH
Decile 9-10,Others,12/20/2021,U000101,NATION,US,UPPER NORTHWEST CENTRAL,8/20/2021,1001001,EXL,Rep Initiated,Confirmed,1002004,1/1/2021,YTD,1,10,2,2,3,1,35,40,60,110,SALT LAKE CITY
Decile 1-2,Others,8/31/2021,U000101,NATION,US,MID-ATLANTIC,8/20/2021,1001001,EXL,Clinical Educator,Completed,1002012,8/1/2021,M4,0,0,0,2,0,0,87,40,60,110,CENTRAL SOUTH JERSEY
Decile 7-8,Others,8/31/2021,U000101,NATION,US,NORTHEAST,8/20/2021,1001001,EXL,Rep Initiated,Approved,1002007,8/1/2021,M4,0,7,2,2,2,1,26,40,60,110,WHITE PLAINS / BRONX
Decile 9-10,Others,8/31/2021,U000101,NATION,US,UPPER NORTHWEST CENTRAL,8/20/2021,1001001,EXL,Rep Initiated,Confirmed,1002004,8/1/2021,M4,1,10,2,2,3,1,35,40,60,110,DENVER
Decile 1-2,Others,12/20/2021,U000101,NATION,US,MID-CENTRAL,8/25/2021,1001001,EXL,Rep Initiated,Approved,1002011,9/10/2020,LTD,0,0,0,2,0,0,135,40,60,110,COLUMBIA
Decile 5-6,Others,12/20/2021,U000101,NATION,US,US,8/25/2021,1001001,EXL,Rep Initiated,Completed,1002005,9/10/2020,LTD,0,6,1,2,2,1,93,40,60,110,US
Decile 1-2,Others,12/20/2021,U000101,NATION,US,MID-CENTRAL,8/25/2021,1001001,EXL,Rep Initiated,Approved,1002011,1/1/2021,YTD,0,0,0,2,0,0,135,40,60,110,NASHVILLE KNOXVILLE
Decile 5-6,Others,12/20/2021,U000101,NATION,US,US,8/25/2021,1001001,EXL,Rep Initiated,Completed,1002005,1/1/2021,YTD,0,6,1,2,2,1,93,40,60,110,US
Decile 1-2,Others,8/31/2021,U000101,NATION,US,MID-CENTRAL,8/25/2021,1001001,EXL,Rep Initiated,Approved,1002011,8/1/2021,M4,0,0,0,2,0,0,135,40,60,110,LOUISVILLE
Decile 5-6,Others,8/31/2021,U000101,NATION,US,US,8/25/2021,1001001,EXL,Rep Initiated,Completed,1002005,8/1/2021,M4,0,6,1,2,2,1,93,40,60,110,US
Decile 1-2,Others,12/20/2021,U000101,NATION,US,MIDWEST,8/26/2021,1001001,EXL,Rep Initiated,Confirmed,1002009,9/10/2020,LTD,0,0,0,2,0,0,7,40,60,110,CHICAGO SOUTH
Decile 1-2,Others,12/20/2021,U000101,NATION,US,MIDWEST,8/26/2021,1001001,EXL,Rep Initiated,Confirmed,1002009,1/1/2021,YTD,0,0,0,2,0,0,7,40,60,110,SPRINGFIELD / SAINT LOUIS WEST
Decile 1-2,Others,8/31/2021,U000101,NATION,US,MIDWEST,8/26/2021,1001001,EXL,Rep Initiated,Confirmed,1002009,8/1/2021,M4,0,0,0,2,0,0,7,40,60,110,CHICAGO NORTH
Decile 1-2,Others,12/20/2021,U000101,NATION,US,MID-ATLANTIC,8/30/2021,1001001,EXL,Clinical Educator,Approved,1002009,9/10/2020,LTD,0,0,0,2,0,0,45,40,60,110,PHILADELPHIA NORTH
Decile 1-2,Prescribers,12/20/2021,U000101,NATION,US,UPPER NORTHWEST CENTRAL,8/30/2021,1001001,EXL,Rep Initiated,Approved,1002010,9/10/2020,LTD,0,0,0,2,0,0,23,40,60,110,DENVER
Decile 1-2,Others,12/20/2021,U000101,NATION,US,MID-ATLANTIC,8/30/2021,1001001,EXL,Clinical Educator,Approved,1002009,1/1/2021,YTD,0,0,0,2,0,0,45,40,60,110,CENTRAL SOUTH JERSEY
Decile 1-2,Prescribers,12/20/2021,U000101,NATION,US,UPPER NORTHWEST CENTRAL,8/30/2021,1001001,EXL,Rep Initiated,Approved,1002010,1/1/2021,YTD,0,0,0,2,0,0,23,40,60,110,SALT LAKE CITY
Decile 1-2,Others,8/31/2021,U000101,NATION,US,MID-ATLANTIC,8/30/2021,1001001,EXL,Clinical Educator,Approved,1002009,8/1/2021,M4,0,0,0,2,0,0,45,40,60,110,PHILADELPHIA NORTH
Decile 1-2,Prescribers,8/31/2021,U000101,NATION,US,UPPER NORTHWEST CENTRAL,8/30/2021,1001001,EXL,Rep Initiated,Approved,1002010,8/1/2021,M4,0,0,0,2,0,0,23,40,60,110,KANSAS CITY
Decile 5-6,Others,12/20/2021,U000101,NATION,US,NORTHEAST,9/1/2021,1001001,EXL,Rep Initiated,Approved,1002002,9/10/2020,LTD,1,6,1,2,2,1,57,40,60,110,MANHATTAN
Decile 5-6,Others,12/20/2021,U000101,NATION,US,UPPER NORTHWEST CENTRAL,9/1/2021,1001001,EXL,Rep Initiated,Completed,1002011,9/10/2020,LTD,0,5,1,2,2,1,144,40,60,110,KANSAS CITY
Decile 5-6,Others,12/20/2021,U000101,NATION,US,NORTHEAST,9/1/2021,1001001,EXL,Rep Initiated,Approved,1002002,1/1/2021,YTD,1,6,1,2,2,1,57,40,60,110,ALBANY
Decile 5-6,Others,12/20/2021,U000101,NATION,US,UPPER NORTHWEST CENTRAL,9/1/2021,1001001,EXL,Rep Initiated,Completed,1002011,1/1/2021,YTD,0,5,1,2,2,1,144,40,60,110,PORTLAND
Decile 5-6,Others,9/30/2021,U000101,NATION,US,NORTHEAST,9/1/2021,1001001,EXL,Rep Initiated,Approved,1002002,9/1/2021,M3,1,6,1,2,2,1,57,40,60,110,MANHATTAN
Decile 5-6,Others,9/30/2021,U000101,NATION,US,UPPER NORTHWEST CENTRAL,9/1/2021,1001001,EXL,Rep Initiated,Completed,1002011,9/1/2021,M3,0,5,1,2,2,1,144,40,60,110,SEATTLE SOUTH
Decile 3-4,Others,12/20/2021,U000101,NATION,US,WEST,9/3/2021,1001001,EXL,Rep Initiated,Confirmed,1002007,9/10/2020,LTD,1,3,2,2,3,1,66,40,60,110,SAN  FRANCISCO WEST
Decile 3-4,Others,12/20/2021,U000101,NATION,US,WEST,9/3/2021,1001001,EXL,Rep Initiated,Confirmed,1002007,1/1/2021,YTD,1,3,2,2,3,1,66,40,60,110,SACRAMENTO
Decile 3-4,Others,9/30/2021,U000101,NATION,US,WEST,9/3/2021,1001001,EXL,Rep Initiated,Confirmed,1002007,9/1/2021,M3,1,3,2,2,3,1,66,40,60,110,SACRAMENTO
Decile 1-2,Others,12/20/2021,U000101,NATION,US,MIDWEST,9/9/2021,1001001,EXL,Rep Initiated,Confirmed,1002005,9/10/2020,LTD,0,0,0,2,0,0,118,40,60,110,CHICAGO NORTH
Decile 1-2,Others,12/20/2021,U000101,NATION,US,MIDWEST,9/9/2021,1001001,EXL,Rep Initiated,Confirmed,1002005,1/1/2021,YTD,0,0,0,2,0,0,118,40,60,110,MINNEAPOLIS SOUTH
Decile 1-2,Others,9/30/2021,U000101,NATION,US,MIDWEST,9/9/2021,1001001,EXL,Rep Initiated,Confirmed,1002005,9/1/2021,M3,0,0,0,2,0,0,118,40,60,110,MINNEAPOLIS NORTH
Decile 7-8,Others,12/20/2021,U000101,NATION,US,SOUTHWEST,9/12/2021,1001001,EXL,Rep Initiated,Approved,1002010,9/10/2020,LTD,1,8,2,2,2,1,52,40,60,110,OKLAHOMA CITY
Decile 7-8,Others,12/20/2021,U000101,NATION,US,SOUTHWEST,9/12/2021,1001001,EXL,Rep Initiated,Approved,1002010,1/1/2021,YTD,1,8,2,2,2,1,52,40,60,110,DALLAS
Decile 7-8,Others,9/30/2021,U000101,NATION,US,SOUTHWEST,9/12/2021,1001001,EXL,Rep Initiated,Approved,1002010,9/1/2021,M3,1,8,2,2,2,1,52,40,60,110,AUSTIN
Decile 9-10,Prescribers,12/20/2021,U000101,NATION,US,SOUTHWEST,9/14/2021,1001001,EXL,Rep Initiated,Completed,1002009,9/10/2020,LTD,1,9,2,2,3,1,136,40,60,110,SAN ANTONIO
Decile 9-10,Prescribers,12/20/2021,U000101,NATION,US,SOUTHWEST,9/14/2021,1001001,EXL,Rep Initiated,Completed,1002009,1/1/2021,YTD,1,9,2,2,3,1,136,40,60,110,AUSTIN
Decile 9-10,Prescribers,9/30/2021,U000101,NATION,US,SOUTHWEST,9/14/2021,1001001,EXL,Rep Initiated,Completed,1002009,9/1/2021,M3,1,9,2,2,3,1,136,40,60,110,SAN ANTONIO
Decile 9-10,Others,12/20/2021,U000101,NATION,US,SOUTH EAST,9/21/2021,1001001,EXL,Clinical Educator,Completed,1002010,9/10/2020,LTD,1,10,2,2,2,1,100,40,60,110,ATLANTA NORTH
Decile 9-10,Others,12/20/2021,U000101,NATION,US,SOUTH EAST,9/21/2021,1001001,EXL,Clinical Educator,Completed,1002010,1/1/2021,YTD,1,10,2,2,2,1,100,40,60,110,BIRMINGHAM
Decile 9-10,Others,9/30/2021,U000101,NATION,US,SOUTH EAST,9/21/2021,1001001,EXL,Clinical Educator,Completed,1002010,9/1/2021,M3,1,10,2,2,2,1,100,40,60,110,ORLANDO
Decile 7-8,Prescribers,12/20/2021,U000101,NATION,US,MID-ATLANTIC,10/3/2021,1001001,EXL,Clinical Educator,Confirmed,1002001,9/10/2020,LTD,1,7,1,2,2,1,138,40,60,110,BALTIMORE
Decile 7-8,Prescribers,12/20/2021,U000101,NATION,US,MID-ATLANTIC,10/3/2021,1001001,EXL,Clinical Educator,Confirmed,1002001,1/1/2021,YTD,1,7,1,2,2,1,138,40,60,110,RICHMOND
Decile 7-8,Prescribers,12/20/2021,U000101,NATION,US,MID-ATLANTIC,10/3/2021,1001001,EXL,Clinical Educator,Confirmed,1002001,10/1/2021,QTD,1,7,1,2,2,1,138,40,60,110,WASHINGTON DC NORTH
Decile 7-8,Prescribers,10/31/2021,U000101,NATION,US,MID-ATLANTIC,10/3/2021,1001001,EXL,Clinical Educator,Confirmed,1002001,10/1/2021,M2,1,7,1,2,2,1,138,40,60,110,WASHINGTON DC NORTH
Decile 1-2,Others,12/20/2021,U000101,NATION,US,MIDWEST,10/11/2021,1001001,EXL,Rep Initiated,Completed,1002010,9/10/2020,LTD,0,0,0,2,0,0,113,40,60,110,MILWAUKEE
Decile 1-2,Others,12/20/2021,U000101,NATION,US,MIDWEST,10/11/2021,1001001,EXL,Rep Initiated,Completed,1002010,1/1/2021,YTD,0,0,0,2,0,0,113,40,60,110,SAINT LOUIS EAST
Decile 1-2,Others,12/20/2021,U000101,NATION,US,MIDWEST,10/11/2021,1001001,EXL,Rep Initiated,Completed,1002010,10/1/2021,QTD,0,0,0,2,0,0,113,40,60,110,CHICAGO NORTH
Decile 1-2,Others,10/31/2021,U000101,NATION,US,MIDWEST,10/11/2021,1001001,EXL,Rep Initiated,Completed,1002010,10/1/2021,M2,0,0,0,2,0,0,113,40,60,110,CHICAGO SOUTH
Decile 1-2,Prescribers,12/20/2021,U000101,NATION,US,SOUTHWEST,10/12/2021,1001001,EXL,Rep Initiated,Approved,1002005,9/10/2020,LTD,0,0,0,2,0,0,104,40,60,110,HOUSTON
Decile 1-2,Prescribers,12/20/2021,U000101,NATION,US,SOUTHWEST,10/12/2021,1001001,EXL,Rep Initiated,Approved,1002005,1/1/2021,YTD,0,0,0,2,0,0,104,40,60,110,AUSTIN
Decile 1-2,Prescribers,12/20/2021,U000101,NATION,US,SOUTHWEST,10/12/2021,1001001,EXL,Rep Initiated,Approved,1002005,10/1/2021,QTD,0,0,0,2,0,0,104,40,60,110,OKLAHOMA CITY
Decile 1-2,Prescribers,10/31/2021,U000101,NATION,US,SOUTHWEST,10/12/2021,1001001,EXL,Rep Initiated,Approved,1002005,10/1/2021,M2,0,0,0,2,0,0,104,40,60,110,HOUSTON
Decile 1-2,Others,12/20/2021,U000101,NATION,US,GREAT LAKES,10/22/2021,1001001,EXL,Clinical Educator,Approved,1002003,9/10/2020,LTD,0,0,0,2,0,0,69,40,60,110,PITTSBURGH
Decile 1-2,Others,12/20/2021,U000101,NATION,US,GREAT LAKES,10/22/2021,1001001,EXL,Rep Initiated,Approved,1002009,9/10/2020,LTD,0,0,0,2,0,0,130,40,60,110,DETROIT SOUTH
Decile 1-2,Others,12/20/2021,U000101,NATION,US,GREAT LAKES,10/22/2021,1001001,EXL,Clinical Educator,Approved,1002003,1/1/2021,YTD,0,0,0,2,0,0,69,40,60,110,CLEVELAND
Decile 1-2,Others,12/20/2021,U000101,NATION,US,GREAT LAKES,10/22/2021,1001001,EXL,Rep Initiated,Approved,1002009,1/1/2021,YTD,0,0,0,2,0,0,130,40,60,110,CLEVELAND
Decile 1-2,Others,12/20/2021,U000101,NATION,US,GREAT LAKES,10/22/2021,1001001,EXL,Clinical Educator,Approved,1002003,10/1/2021,QTD,0,0,0,2,0,0,69,40,60,110,CLEVELAND
Decile 1-2,Others,12/20/2021,U000101,NATION,US,GREAT LAKES,10/22/2021,1001001,EXL,Rep Initiated,Approved,1002009,10/1/2021,QTD,0,0,0,2,0,0,130,40,60,110,INDIANAPOLIS SOUTH
Decile 1-2,Others,10/31/2021,U000101,NATION,US,GREAT LAKES,10/22/2021,1001001,EXL,Clinical Educator,Approved,1002003,10/1/2021,M2,0,0,0,2,0,0,69,40,60,110,DETROIT SOUTH
Decile 1-2,Others,10/31/2021,U000101,NATION,US,GREAT LAKES,10/22/2021,1001001,EXL,Rep Initiated,Approved,1002009,10/1/2021,M2,0,0,0,2,0,0,130,40,60,110,INDIANAPOLIS NORTH
Decile 3-4,Others,12/20/2021,U000101,NATION,US,NORTHEAST,10/25/2021,1001001,EXL,Clinical Educator,Approved,1002001,9/10/2020,LTD,1,4,1,2,2,1,115,40,60,110,WHITE PLAINS / BRONX
Decile 3-4,Others,12/20/2021,U000101,NATION,US,NORTHEAST,10/25/2021,1001001,EXL,Clinical Educator,Approved,1002001,1/1/2021,YTD,1,4,1,2,2,1,115,40,60,110,BOSTON SOUTH
Decile 3-4,Others,12/20/2021,U000101,NATION,US,NORTHEAST,10/25/2021,1001001,EXL,Clinical Educator,Approved,1002001,10/1/2021,QTD,1,4,1,2,2,1,115,40,60,110,BOSTON SOUTH
Decile 3-4,Others,10/31/2021,U000101,NATION,US,NORTHEAST,10/25/2021,1001001,EXL,Clinical Educator,Approved,1002001,10/1/2021,M2,1,4,1,2,2,1,115,40,60,110,ALBANY
Decile 1-2,Others,12/20/2021,U000101,NATION,US,SOUTH EAST,10/28/2021,1001001,EXL,Rep Initiated,Approved,1002004,9/10/2020,LTD,0,0,0,2,0,0,38,40,60,110,ATLANTA NORTH
Decile 9-10,Prescribers,12/20/2021,U000101,NATION,US,SOUTHWEST,10/28/2021,1001001,EXL,Rep Initiated,Approved,1002008,9/10/2020,LTD,0,9,1,2,3,1,6,40,60,110,OKLAHOMA CITY
Decile 1-2,Others,12/20/2021,U000101,NATION,US,SOUTHWEST,10/28/2021,1001001,EXL,Rep Initiated,Approved,1002006,9/10/2020,LTD,0,0,0,2,0,0,61,40,60,110,NEW ORLEANS
Decile 1-2,Others,12/20/2021,U000101,NATION,US,SOUTH EAST,10/28/2021,1001001,EXL,Rep Initiated,Approved,1002004,1/1/2021,YTD,0,0,0,2,0,0,38,40,60,110,MIAMI
Decile 9-10,Prescribers,12/20/2021,U000101,NATION,US,SOUTHWEST,10/28/2021,1001001,EXL,Rep Initiated,Approved,1002008,1/1/2021,YTD,0,9,1,2,3,1,6,40,60,110,OKLAHOMA CITY
Decile 1-2,Others,12/20/2021,U000101,NATION,US,SOUTHWEST,10/28/2021,1001001,EXL,Rep Initiated,Approved,1002006,1/1/2021,YTD,0,0,0,2,0,0,61,40,60,110,DALLAS
Decile 1-2,Others,12/20/2021,U000101,NATION,US,SOUTH EAST,10/28/2021,1001001,EXL,Rep Initiated,Approved,1002004,10/1/2021,QTD,0,0,0,2,0,0,38,40,60,110,TAMPA
Decile 1-2,Others,10/31/2021,U000101,NATION,US,SOUTH EAST,10/28/2021,1001001,EXL,Rep Initiated,Approved,1002004,10/1/2021,M2,0,0,0,2,0,0,38,40,60,110,ATLANTA SOUTH
Decile 9-10,Prescribers,12/20/2021,U000101,NATION,US,SOUTHWEST,10/28/2021,1001001,EXL,Rep Initiated,Approved,1002008,10/1/2021,QTD,0,9,1,2,3,1,6,40,60,110,MOBILE PENSACOLA
Decile 1-2,Others,12/20/2021,U000101,NATION,US,SOUTHWEST,10/28/2021,1001001,EXL,Rep Initiated,Approved,1002006,10/1/2021,QTD,0,0,0,2,0,0,61,40,60,110,MOBILE PENSACOLA
Decile 9-10,Prescribers,10/31/2021,U000101,NATION,US,SOUTHWEST,10/28/2021,1001001,EXL,Rep Initiated,Approved,1002008,10/1/2021,M2,0,9,1,2,3,1,6,40,60,110,AUSTIN
Decile 1-2,Others,10/31/2021,U000101,NATION,US,SOUTHWEST,10/28/2021,1001001,EXL,Rep Initiated,Approved,1002006,10/1/2021,M2,0,0,0,2,0,0,61,40,60,110,SAN ANTONIO
Decile 1-2,Others,12/20/2021,U000101,NATION,US,MID-ATLANTIC,10/29/2021,1001001,EXL,Rep Initiated,Approved,1002006,9/10/2020,LTD,0,0,0,2,0,0,34,40,60,110,NORTH JERSEY
Decile 1-2,Others,12/20/2021,U000101,NATION,US,MID-ATLANTIC,10/29/2021,1001001,EXL,Rep Initiated,Approved,1002006,1/1/2021,YTD,0,0,0,2,0,0,34,40,60,110,CENTRAL SOUTH JERSEY
Decile 1-2,Others,12/20/2021,U000101,NATION,US,MID-ATLANTIC,10/29/2021,1001001,EXL,Rep Initiated,Approved,1002006,10/1/2021,QTD,0,0,0,2,0,0,34,40,60,110,PHILADELPHIA NORTH
Decile 1-2,Others,10/31/2021,U000101,NATION,US,MID-ATLANTIC,10/29/2021,1001001,EXL,Rep Initiated,Approved,1002006,10/1/2021,M2,0,0,0,2,0,0,34,40,60,110,PHILADELPHIA SOUTH
Decile 1-2,Prescribers,12/20/2021,U000101,NATION,US,WEST,11/3/2021,1001001,EXL,Rep Initiated,Confirmed,1002004,9/10/2020,LTD,0,0,0,2,0,0,86,40,60,110,SAN BERNADINO / LAS VEGAS
Decile 1-2,Prescribers,12/20/2021,U000101,NATION,US,WEST,11/3/2021,1001001,EXL,Rep Initiated,Confirmed,1002004,1/1/2021,YTD,0,0,0,2,0,0,86,40,60,110,SAN  FRANCISCO WEST
Decile 1-2,Prescribers,12/20/2021,U000101,NATION,US,WEST,11/3/2021,1001001,EXL,Rep Initiated,Confirmed,1002004,10/1/2021,QTD,0,0,0,2,0,0,86,40,60,110,SAN FRANCISCO EAST
Decile 1-2,Prescribers,11/30/2021,U000101,NATION,US,WEST,11/3/2021,1001001,EXL,Rep Initiated,Confirmed,1002004,11/1/2021,M1,0,0,0,2,0,0,86,40,60,110,SAN DIEGO
Decile 3-4,Others,12/20/2021,U000101,NATION,US,GREAT LAKES,11/7/2021,1001001,EXL,Rep Initiated,Completed,1002003,9/10/2020,LTD,0,3,2,2,2,1,4,40,60,110,CLEVELAND
Decile 3-4,Others,12/20/2021,U000101,NATION,US,GREAT LAKES,11/7/2021,1001001,EXL,Rep Initiated,Completed,1002003,1/1/2021,YTD,0,3,2,2,2,1,4,40,60,110,GRAND RAPIDS
Decile 3-4,Others,12/20/2021,U000101,NATION,US,GREAT LAKES,11/7/2021,1001001,EXL,Rep Initiated,Completed,1002003,10/1/2021,QTD,0,3,2,2,2,1,4,40,60,110,CINCINNATI DAYTON
Decile 3-4,Others,11/30/2021,U000101,NATION,US,GREAT LAKES,11/7/2021,1001001,EXL,Rep Initiated,Completed,1002003,11/1/2021,M1,0,3,2,2,2,1,4,40,60,110,INDIANAPOLIS NORTH
Decile 1-2,Prescribers,12/20/2021,U000101,NATION,US,MIDWEST,11/12/2021,1001001,EXL,Rep Initiated,Approved,1002011,9/10/2020,LTD,0,0,0,2,0,0,88,40,60,110,CHICAGO SOUTH
Decile 1-2,Prescribers,12/20/2021,U000101,NATION,US,MIDWEST,11/12/2021,1001001,EXL,Rep Initiated,Approved,1002011,1/1/2021,YTD,0,0,0,2,0,0,88,40,60,110,CHICAGO SOUTH
Decile 1-2,Prescribers,12/20/2021,U000101,NATION,US,MIDWEST,11/12/2021,1001001,EXL,Rep Initiated,Approved,1002011,10/1/2021,QTD,0,0,0,2,0,0,88,40,60,110,MILWAUKEE
Decile 1-2,Prescribers,11/30/2021,U000101,NATION,US,MIDWEST,11/12/2021,1001001,EXL,Rep Initiated,Approved,1002011,11/1/2021,M1,0,0,0,2,0,0,88,40,60,110,MILWAUKEE
Decile 1-2,Prescribers,12/20/2021,U000101,NATION,US,GREAT LAKES,11/13/2021,1001001,EXL,Rep Initiated,Approved,1002006,9/10/2020,LTD,0,0,0,2,0,0,80,40,60,110,INDIANAPOLIS SOUTH
Decile 1-2,Prescribers,12/20/2021,U000101,NATION,US,GREAT LAKES,11/13/2021,1001001,EXL,Rep Initiated,Approved,1002006,1/1/2021,YTD,0,0,0,2,0,0,80,40,60,110,COLUMBUS
Decile 1-2,Prescribers,12/20/2021,U000101,NATION,US,GREAT LAKES,11/13/2021,1001001,EXL,Rep Initiated,Approved,1002006,10/1/2021,QTD,0,0,0,2,0,0,80,40,60,110,CLEVELAND
Decile 1-2,Prescribers,11/30/2021,U000101,NATION,US,GREAT LAKES,11/13/2021,1001001,EXL,Rep Initiated,Approved,1002006,11/1/2021,M1,0,0,0,2,0,0,80,40,60,110,GRAND RAPIDS
Decile 9-10,Prescribers,12/20/2021,U000101,NATION,US,MIDWEST,11/15/2021,1001001,EXL,Rep Initiated,Approved,1002005,9/10/2020,LTD,1,9,1,2,2,1,11,40,60,110,SPRINGFIELD / SAINT LOUIS WEST
Decile 9-10,Prescribers,12/20/2021,U000101,NATION,US,MIDWEST,11/15/2021,1001001,EXL,Rep Initiated,Approved,1002005,1/1/2021,YTD,1,9,1,2,2,1,11,40,60,110,CHICAGO NORTH
Decile 9-10,Prescribers,12/20/2021,U000101,NATION,US,MIDWEST,11/15/2021,1001001,EXL,Rep Initiated,Approved,1002005,10/1/2021,QTD,1,9,1,2,2,1,11,40,60,110,MINNEAPOLIS NORTH
Decile 9-10,Prescribers,11/30/2021,U000101,NATION,US,MIDWEST,11/15/2021,1001001,EXL,Rep Initiated,Approved,1002005,11/1/2021,M1,1,9,1,2,2,1,11,40,60,110,SPRINGFIELD / SAINT LOUIS WEST
Decile 3-4,Prescribers,12/20/2021,U000101,NATION,US,MID-CENTRAL,11/18/2021,1001001,EXL,Rep Initiated,Completed,1002005,9/10/2020,LTD,0,3,1,2,2,1,58,40,60,110,COLUMBIA
Decile 1-2,Prescribers,12/20/2021,U000101,NATION,US,WEST,11/18/2021,1001001,EXL,Rep Initiated,Approved,1002008,9/10/2020,LTD,0,0,0,2,0,0,53,40,60,110,SAN  FRANCISCO WEST
Decile 3-4,Prescribers,12/20/2021,U000101,NATION,US,MID-CENTRAL,11/18/2021,1001001,EXL,Rep Initiated,Completed,1002005,1/1/2021,YTD,0,3,1,2,2,1,58,40,60,110,LOUISVILLE
Decile 1-2,Prescribers,12/20/2021,U000101,NATION,US,WEST,11/18/2021,1001001,EXL,Rep Initiated,Approved,1002008,1/1/2021,YTD,0,0,0,2,0,0,53,40,60,110,SAN DIEGO
Decile 3-4,Prescribers,12/20/2021,U000101,NATION,US,MID-CENTRAL,11/18/2021,1001001,EXL,Rep Initiated,Completed,1002005,10/1/2021,QTD,0,3,1,2,2,1,58,40,60,110,RALEIGH DURHAM
Decile 1-2,Prescribers,12/20/2021,U000101,NATION,US,WEST,11/18/2021,1001001,EXL,Rep Initiated,Approved,1002008,10/1/2021,QTD,0,0,0,2,0,0,53,40,60,110,PHOENIX
Decile 3-4,Prescribers,11/30/2021,U000101,NATION,US,MID-CENTRAL,11/18/2021,1001001,EXL,Rep Initiated,Completed,1002005,11/1/2021,M1,0,3,1,2,2,1,58,40,60,110,NASHVILLE KNOXVILLE
Decile 1-2,Prescribers,11/30/2021,U000101,NATION,US,WEST,11/18/2021,1001001,EXL,Rep Initiated,Approved,1002008,11/1/2021,M1,0,0,0,2,0,0,53,40,60,110,SAN  FRANCISCO WEST
Decile 1-2,Prescribers,12/20/2021,U000101,NATION,US,MIDWEST,11/28/2021,1001001,EXL,Rep Initiated,Confirmed,1002006,9/10/2020,LTD,0,0,0,2,0,0,50,40,60,110,CHICAGO SOUTH
Decile 1-2,Prescribers,12/20/2021,U000101,NATION,US,MIDWEST,11/28/2021,1001001,EXL,Rep Initiated,Confirmed,1002006,1/1/2021,YTD,0,0,0,2,0,0,50,40,60,110,SPRINGFIELD / SAINT LOUIS WEST
Decile 1-2,Prescribers,12/20/2021,U000101,NATION,US,MIDWEST,11/28/2021,1001001,EXL,Rep Initiated,Confirmed,1002006,10/1/2021,QTD,0,0,0,2,0,0,50,40,60,110,SPRINGFIELD / SAINT LOUIS WEST
Decile 1-2,Prescribers,11/30/2021,U000101,NATION,US,MIDWEST,11/28/2021,1001001,EXL,Rep Initiated,Confirmed,1002006,11/1/2021,M1,0,0,0,2,0,0,50,40,60,110,CEDAR RAPIDS / DES MOINES
Decile 1-2,Prescribers,12/20/2021,U000101,NATION,US,SOUTHWEST,12/3/2021,1001001,EXL,Rep Initiated,Completed,1002012,9/10/2020,LTD,0,0,0,2,0,0,51,40,60,110,HOUSTON
Decile 1-2,Prescribers,12/20/2021,U000101,NATION,US,SOUTHWEST,12/3/2021,1001001,EXL,Rep Initiated,Completed,1002012,1/1/2021,YTD,0,0,0,2,0,0,51,40,60,110,DALLAS
Decile 1-2,Prescribers,12/20/2021,U000101,NATION,US,SOUTHWEST,12/3/2021,1001001,EXL,Rep Initiated,Completed,1002012,10/1/2021,QTD,0,0,0,2,0,0,51,40,60,110,HOUSTON
Decile 1-2,Prescribers,12/20/2021,U000101,NATION,US,SOUTHWEST,12/3/2021,1001001,EXL,Rep Initiated,Completed,1002012,12/1/2021,MTD,0,0,0,2,0,0,51,40,60,110,AUSTIN
Decile 5-6,Others,12/20/2021,U000101,NATION,US,GREAT LAKES,12/6/2021,1001001,EXL,Rep Initiated,Confirmed,1002007,9/10/2020,LTD,1,6,3,2,5,1,1,40,60,110,CINCINNATI DAYTON
Decile 5-6,Others,12/20/2021,U000101,NATION,US,GREAT LAKES,12/6/2021,1001001,EXL,Rep Initiated,Confirmed,1002007,1/1/2021,YTD,1,6,2,2,5,1,1,40,60,110,CLEVELAND
Decile 5-6,Others,12/20/2021,U000101,NATION,US,GREAT LAKES,12/6/2021,1001001,EXL,Rep Initiated,Confirmed,1002007,10/1/2021,QTD,2,6,3,2,4,1,1,40,60,110,INDIANAPOLIS NORTH
Decile 5-6,Others,12/20/2021,U000101,NATION,US,GREAT LAKES,12/6/2021,1001001,EXL,Rep Initiated,Confirmed,1002007,12/1/2021,MTD,1,6,2,2,5,1,1,40,60,110,INDIANAPOLIS SOUTH
Decile 1-2,Prescribers,12/20/2021,U000101,NATION,US,MID-ATLANTIC,12/7/2021,1001001,EXL,Rep Initiated,Completed,1002005,9/10/2020,LTD,0,0,0,2,0,0,33,40,60,110,PHILADELPHIA SOUTH
Decile 1-2,Prescribers,12/20/2021,U000101,NATION,US,MID-ATLANTIC,12/7/2021,1001001,EXL,Rep Initiated,Completed,1002005,1/1/2021,YTD,0,0,0,2,0,0,33,40,60,110,BALTIMORE
Decile 1-2,Prescribers,12/20/2021,U000101,NATION,US,MID-ATLANTIC,12/7/2021,1001001,EXL,Rep Initiated,Completed,1002005,10/1/2021,QTD,0,0,0,2,0,0,33,40,60,110,BALTIMORE
Decile 1-2,Prescribers,12/20/2021,U000101,NATION,US,MID-ATLANTIC,12/7/2021,1001001,EXL,Rep Initiated,Completed,1002005,12/1/2021,MTD,0,0,0,2,0,0,33,40,60,110,NORTH JERSEY
Decile 5-6,Others,12/20/2021,U000101,NATION,US,UPPER NORTHWEST CENTRAL,12/14/2021,1001001,EXL,Rep Initiated,Approved,1002011,9/10/2020,LTD,2,5,2,2,4,1,142,40,60,110,SEATTLE SOUTH
Decile 5-6,Others,12/20/2021,U000101,NATION,US,UPPER NORTHWEST CENTRAL,12/14/2021,1001001,EXL,Rep Initiated,Approved,1002011,1/1/2021,YTD,2,5,2,2,5,1,142,40,60,110,DENVER
Decile 5-6,Others,12/20/2021,U000101,NATION,US,UPPER NORTHWEST CENTRAL,12/14/2021,1001001,EXL,Rep Initiated,Approved,1002011,10/1/2021,QTD,2,5,3,2,5,1,142,40,60,110,SEATTLE NORTH
Decile 5-6,Others,12/20/2021,U000101,NATION,US,UPPER NORTHWEST CENTRAL,12/14/2021,1001001,EXL,Rep Initiated,Approved,1002011,12/1/2021,MTD,1,5,2,2,4,1,142,40,60,110,PORTLAND
Decile 3-4,Others,12/20/2021,U000101,NATION,US,WEST,12/15/2021,1001001,EXL,Rep Initiated,Completed,1002010,9/10/2020,LTD,1,4,2,2,4,1,22,40,60,110,PHOENIX
Decile 3-4,Others,12/20/2021,U000101,NATION,US,WEST,12/15/2021,1001001,EXL,Rep Initiated,Completed,1002010,1/1/2021,YTD,1,4,3,2,4,1,22,40,60,110,SACRAMENTO
Decile 3-4,Others,12/20/2021,U000101,NATION,US,WEST,12/15/2021,1001001,EXL,Rep Initiated,Completed,1002010,10/1/2021,QTD,2,4,3,2,4,1,22,40,60,110,SAN DIEGO
Decile 3-4,Others,12/20/2021,U000101,NATION,US,WEST,12/15/2021,1001001,EXL,Rep Initiated,Completed,1002010,12/1/2021,MTD,1,4,2,2,5,1,22,40,60,110,SAN DIEGO
